Buy	BuyB	Sell	1.16 NBT
minecraft:emerald	minecraft:air	PythonGB	{id:"minecraft:player_head",Count:1b,tag:{display:{Name:"{\"text\":\"§r§ePythonGB\"}"},SkullOwner:{Id:[I;752957053,1223839369,-1214580653,633884771],Properties:{textures:[{Value:"eyJ0ZXh0dXJlcyI6eyJTS0lOIjp7InVybCI6Imh0dHA6Ly90ZXh0dXJlcy5taW5lY3JhZnQubmV0L3RleHR1cmUvMzA5M2YwNzc3NThjZjVmZTkyNGYxZWM1YWY5YzZiZGJiNzgwYTVjY2I2ZjEzNmFiMWFmNDc3NDIxZTcyM2Y0ZCJ9fX0="}]}}}}
minecraft:emerald	minecraft:air	Xisuma	{id:"minecraft:player_head",Count:1b,tag:{display:{Name:"{\"text\":\"§r§eXisuma\"}"},SkullOwner:{Id:[I;2140804354,-936424016,-2109101039,-1993797378],Properties:{textures:[{Value:"eyJ0ZXh0dXJlcyI6eyJTS0lOIjp7InVybCI6Imh0dHA6Ly90ZXh0dXJlcy5taW5lY3JhZnQubmV0L3RleHR1cmUvZWU5NjQwMTg2YTcwOTM3Nzg4MTAwOTg0OGVjN2ViZGE4MTllYjE4YzRlNTk2N2FlMWQwYWM3MTQ2YWZiNGI0ZSJ9fX0="}]}}}}
minecraft:emerald	minecraft:air	Docm77	{id:"minecraft:player_head",Count:1b,tag:{display:{Name:"{\"text\":\"§r§eDocm77\"}"},SkullOwner:{Id:[I;191071916,1295142550,-1483594502,1983828509],Properties:{textures:[{Value:"eyJ0ZXh0dXJlcyI6eyJTS0lOIjp7InVybCI6Imh0dHA6Ly90ZXh0dXJlcy5taW5lY3JhZnQubmV0L3RleHR1cmUvMjFmNmNhZGMzZTljYWQ5NWZiZjZjMTFmYTU4ZTgwZWE0ZGI1MTllM2I0MjUwZGU5NjEzMGRjZjhjMWE3NDNlZSJ9fX0="}]}}}}
minecraft:emerald	minecraft:air	Jessassin	{id:"minecraft:player_head",Count:1b,tag:{display:{Name:"{\"text\":\"§r§eJessassin\"}"},SkullOwner:{Id:[I;-867663655,-2118696167,-1746484146,-1241911207],Properties:{textures:[{Value:"eyJ0ZXh0dXJlcyI6eyJTS0lOIjp7InVybCI6Imh0dHA6Ly90ZXh0dXJlcy5taW5lY3JhZnQubmV0L3RleHR1cmUvMTM0MzdiMGY0NDRlYTQzYmJjNDc3ZWMyMTI3YzlkNjY3NDdlM2U3M2M2YTdkN2UxMjBhZmQxYTA0M2E4YWMxZCJ9fX0="}]}}}}
minecraft:emerald	minecraft:air	xBCrafted	{id:"minecraft:player_head",Count:1b,tag:{display:{Name:"{\"text\":\"§r§exBCrafted\"}"},SkullOwner:{Id:[I;524166770,1450067473,-1416670520,-1343640706],Properties:{textures:[{Value:"eyJ0ZXh0dXJlcyI6eyJTS0lOIjp7InVybCI6Imh0dHA6Ly90ZXh0dXJlcy5taW5lY3JhZnQubmV0L3RleHR1cmUvY2Y1M2Q4YjQwMGZlZjAyOGRlYzk1MjEzMGQ0MDY1NDRhZGVjMTY0ZDFkYjRmMGQwYjExNDZjNjVhMWRmYzI2MyJ9fX0="}]}}}}
minecraft:emerald	minecraft:air	Etho	{id:"minecraft:player_head",Count:1b,tag:{display:{Name:"{\"text\":\"§r§eEtho\"}"},SkullOwner:{Id:[I;1644801528,1305429009,-1231391658,-1322169513],Properties:{textures:[{Value:"eyJ0ZXh0dXJlcyI6eyJTS0lOIjp7InVybCI6Imh0dHA6Ly90ZXh0dXJlcy5taW5lY3JhZnQubmV0L3RleHR1cmUvZmY3NzQ3ZWEzNDA5ODliOThhODIyMjk0OGFmNDU0NTRiZWU5MDliOWFkODMwYjJhMDFkY2Y5MTE3YzgzYTMzYSJ9fX0="}]}}}}
minecraft:emerald	minecraft:air	Mumbo	{id:"minecraft:player_head",Count:1b,tag:{display:{Name:"{\"text\":\"§r§eMumbo\"}"},SkullOwner:{Id:[I;561942468,-1308407367,-1776088655,1778472478],Properties:{textures:[{Value:"eyJ0ZXh0dXJlcyI6eyJTS0lOIjp7InVybCI6Imh0dHA6Ly90ZXh0dXJlcy5taW5lY3JhZnQubmV0L3RleHR1cmUvMzRhOGQ4NzllZjI5NzMxZTJiNDQ4ZjZlZTYwMDQ4NTViOGZmYWZlZjNiZmQ3OGQ2NTQ2ODY0MjczNmE4MWI0MiJ9fX0="}]}}}}
minecraft:emerald	minecraft:air	iJevin	{id:"minecraft:player_head",Count:1b,tag:{display:{Name:"{\"text\":\"§r§eiJevin\"}"},SkullOwner:{Id:[I;-615813163,1215253263,-1689506766,-891968178],Properties:{textures:[{Value:"eyJ0ZXh0dXJlcyI6eyJTS0lOIjp7InVybCI6Imh0dHA6Ly90ZXh0dXJlcy5taW5lY3JhZnQubmV0L3RleHR1cmUvNWUwNDE5ZjBjODBkNmFkNTljMWMzMmI0NmM3Nzc1NjJmZGM4M2EwMGUxOGJhNDg0ZTI3M2U3NGYyNDZkZGE4OSJ9fX0="}]}}}}
minecraft:emerald	minecraft:air	impulseSV	{id:"minecraft:player_head",Count:1b,tag:{display:{Name:"{\"text\":\"§r§eimpulseSV\"}"},SkullOwner:{Id:[I;-1638629342,-341749805,-2079695631,191335945],Properties:{textures:[{Value:"eyJ0ZXh0dXJlcyI6eyJTS0lOIjp7InVybCI6Imh0dHA6Ly90ZXh0dXJlcy5taW5lY3JhZnQubmV0L3RleHR1cmUvYzcyNTFjODYwNTU4YTU2YzA0ZjYwZTEwNzA1MGI3NzkxMzgwYTgwZDRlYTBhYjZhMjdiOTc5NzljYjhmYmM2ZCJ9fX0="}]}}}}
minecraft:emerald	minecraft:air	Renthedog	{id:"minecraft:player_head",Count:1b,tag:{display:{Name:"{\"text\":\"§r§eRenthedog\"}"},SkullOwner:{Id:[I;-1334456627,-1392751955,-1493428348,-578158460],Properties:{textures:[{Value:"eyJ0ZXh0dXJlcyI6eyJTS0lOIjp7InVybCI6Imh0dHA6Ly90ZXh0dXJlcy5taW5lY3JhZnQubmV0L3RleHR1cmUvZDBiYTY0YTkyNWRjZjUxNTRlNjYzYzU4NGQ0OGNlODBhNDBmZDEyOWVlOTRlNzA0NDZmNzJlOGEwMjRhOWM5In19fQ=="}]}}}}
minecraft:emerald	minecraft:air	Tinfoilchef	{id:"minecraft:player_head",Count:1b,tag:{display:{Name:"{\"text\":\"§r§eTinfoilchef\"}"},SkullOwner:{Id:[I;-1824733467,1644711225,-1914957139,1342642332],Properties:{textures:[{Value:"eyJ0ZXh0dXJlcyI6eyJTS0lOIjp7InVybCI6Imh0dHA6Ly90ZXh0dXJlcy5taW5lY3JhZnQubmV0L3RleHR1cmUvNWEzYjcwNzA2ODliOGQ4OGIxNjQ5MDhmZGM2YzAwZDAzNWY3YWY0NjJhNzQxMTE0NGQ3NjkyZDI0NzhmYWZmYiJ9fX0="}]}}}}
minecraft:emerald	minecraft:air	Biffa2001	{id:"minecraft:player_head",Count:1b,tag:{display:{Name:"{\"text\":\"§r§eBiffa2001\"}"},SkullOwner:{Id:[I;682743385,414598714,-1450686630,1382917306],Properties:{textures:[{Value:"eyJ0ZXh0dXJlcyI6eyJTS0lOIjp7InVybCI6Imh0dHA6Ly90ZXh0dXJlcy5taW5lY3JhZnQubmV0L3RleHR1cmUvYzkwMjRjMTE4ZTc5YjM5NTBmNGIxNmZlN2NkMDk2NGRiNTA2NTg4ZGUxZjRmYzI5NDQwMTQyMmZjYWVlZmFlMCJ9fX0="}]}}}}
minecraft:emerald	minecraft:air	Stressmonster101	{id:"minecraft:player_head",Count:1b,tag:{display:{Name:"{\"text\":\"§r§eStressmonster101\"}"},SkullOwner:{Id:[I;-1661263098,1601130032,-1875149014,-2023998828],Properties:{textures:[{Value:"eyJ0ZXh0dXJlcyI6eyJTS0lOIjp7InVybCI6Imh0dHA6Ly90ZXh0dXJlcy5taW5lY3JhZnQubmV0L3RleHR1cmUvOTU1ZDQwYWM5MGJkMTgxZDI0OWE2ZmNhMjhhODIwNWQzOWJhYzQzYjczZTBjZTU2Y2UzMmZlYTRkYjFkODA1NyJ9fX0="}]}}}}
minecraft:emerald	minecraft:air	GoodTimesWithScar	{id:"minecraft:player_head",Count:1b,tag:{display:{Name:"{\"text\":\"§r§eGoodTimesWithScar\"}"},SkullOwner:{Id:[I;1699086032,-1712503187,-1225560307,-1968725852],Properties:{textures:[{Value:"eyJ0ZXh0dXJlcyI6eyJTS0lOIjp7InVybCI6Imh0dHA6Ly90ZXh0dXJlcy5taW5lY3JhZnQubmV0L3RleHR1cmUvODFiNjRiYWU5ODc0Mzc4YWNkM2Y5YjdiNjRjODRkNWZmYmUzYzA2MjcwZDM4NGUyZmViYTQ1NWVlZGIyYTkxNiJ9fX0="}]}}}}
minecraft:emerald	minecraft:air	Zedaph	{id:"minecraft:player_head",Count:1b,tag:{display:{Name:"{\"text\":\"§r§eZedaph\"}"},SkullOwner:{Id:[I;1540496181,826953646,-2136319921,-1495557413],Properties:{textures:[{Value:"eyJ0ZXh0dXJlcyI6eyJTS0lOIjp7InVybCI6Imh0dHA6Ly90ZXh0dXJlcy5taW5lY3JhZnQubmV0L3RleHR1cmUvNDMzYjFkYTUwMmQ2MmEzODM2NDU3YmNkMmI2M2UzMjQzNmIyODU4MjljZjM5Y2FhNGQwN2Y3YWYwZmQ5MzJkMCJ9fX0="}]}}}}
minecraft:emerald	minecraft:air	joehillssays	{id:"minecraft:player_head",Count:1b,tag:{display:{Name:"{\"text\":\"§r§ejoehillssays\"}"},SkullOwner:{Id:[I;-1663563568,2574337,-1153783505,1880887887],Properties:{textures:[{Value:"eyJ0ZXh0dXJlcyI6eyJTS0lOIjp7InVybCI6Imh0dHA6Ly90ZXh0dXJlcy5taW5lY3JhZnQubmV0L3RleHR1cmUvYTIzNmJkNzgwZjkzNTM3NDI1ZWEwYWY1ZDRhMmE1MzQyZmI4MGRlMDY5MWViMTFkOTkzYjU1NmEzY2EyNDQ2OSJ9fX0="}]}}}}
minecraft:emerald	minecraft:air	cubfan135	{id:"minecraft:player_head",Count:1b,tag:{display:{Name:"{\"text\":\"§r§ecubfan135\"}"},SkullOwner:{Id:[I;66435363,-664190646,-1651774002,1403146026],Properties:{textures:[{Value:"eyJ0ZXh0dXJlcyI6eyJTS0lOIjp7InVybCI6Imh0dHA6Ly90ZXh0dXJlcy5taW5lY3JhZnQubmV0L3RleHR1cmUvOTgxNTBlOTVkMjY5OTQ2NjQ2ZTFjN2FiOTJlZDUxOWViYWQ5NTc4MzY5NjhjMDA0N2YzM2ZhN2JhZTAyZTRhYyJ9fX0="}]}}}}
minecraft:emerald	minecraft:air	Welsknight	{id:"minecraft:player_head",Count:1b,tag:{display:{Name:"{\"text\":\"§r§eWelsknight\"}"},SkullOwner:{Id:[I;1771731192,-1050327437,-1962094885,1022060433],Properties:{textures:[{Value:"eyJ0ZXh0dXJlcyI6eyJTS0lOIjp7InVybCI6Imh0dHA6Ly90ZXh0dXJlcy5taW5lY3JhZnQubmV0L3RleHR1cmUvYjI1NTg5NGE5Njk2NTUzY2U5N2I1OWJmYTMxZGY4ZTVlOGI4YWVhZDFkZGUzYTZkYWE3NjZhMGNjNGIxZTc1MyJ9fX0="}]}}}}
minecraft:emerald	minecraft:air	Keralis	{id:"minecraft:player_head",Count:1b,tag:{display:{Name:"{\"text\":\"§r§eKeralis\"}"},SkullOwner:{Id:[I;553557200,-1018606508,-1452072268,787491251],Properties:{textures:[{Value:"eyJ0ZXh0dXJlcyI6eyJTS0lOIjp7InVybCI6Imh0dHA6Ly90ZXh0dXJlcy5taW5lY3JhZnQubmV0L3RleHR1cmUvYjg3ODc2MDFkNGU5ZDFhOGM0MmY5MjdmN2YxZjdiNzVjZWMxYmRkZTM0MmQ0MDVlYzA2MzlkOGY4YTk2MmQyMSJ9fX0="}]}}}}
minecraft:emerald	minecraft:air	falsesymmetry	{id:"minecraft:player_head",Count:1b,tag:{display:{Name:"{\"text\":\"§r§efalsesymmetry\"}"},SkullOwner:{Id:[I;-1124748382,-1357624426,-2064859857,1155058011],Properties:{textures:[{Value:"eyJ0ZXh0dXJlcyI6eyJTS0lOIjp7InVybCI6Imh0dHA6Ly90ZXh0dXJlcy5taW5lY3JhZnQubmV0L3RleHR1cmUvNzI3MzI3NmFlMzI0ZGFiYzdkMTcxZDVmNDZiZGM3NmI3NDVlODM5YTk1YTFkODhkMDhlNDBlMTY2ZDExMDMwOSJ9fX0="}]}}}}
minecraft:emerald	minecraft:air	hypnotizd	{id:"minecraft:player_head",Count:1b,tag:{display:{Name:"{\"text\":\"§r§ehypnotizd\"}"},SkullOwner:{Id:[I;-324503430,1728792891,-1815129370,1009441414],Properties:{textures:[{Value:"eyJ0ZXh0dXJlcyI6eyJTS0lOIjp7InVybCI6Imh0dHA6Ly90ZXh0dXJlcy5taW5lY3JhZnQubmV0L3RleHR1cmUvODE0OTRkYzljOTI3NTRlYjY0Zjc1N2E4ZTRhMmMxZjJhZGNjYTIxMTVkMTE5NzJkNmQzOWRjOWZkYjE2ZjU2NCJ9fX0="}]}}}}
minecraft:emerald	minecraft:air	VintageBeef	{id:"minecraft:player_head",Count:1b,tag:{display:{Name:"{\"text\":\"§r§eVintageBeef\"}"},SkullOwner:{Id:[I;1295629742,1197362159,-1822586041,-656535043],Properties:{textures:[{Value:"eyJ0ZXh0dXJlcyI6eyJTS0lOIjp7InVybCI6Imh0dHA6Ly90ZXh0dXJlcy5taW5lY3JhZnQubmV0L3RleHR1cmUvZGVmNWZiMzE4Zjg1NWZiNjNiYTFlZmRjYzEyMDJlZTIzOGNiNDAzYTIxY2Q2YmI0ZjMyNDM3NGYxZTE0ZGRkOSJ9fX0="}]}}}}
minecraft:emerald	minecraft:air	BdoubleO100	{id:"minecraft:player_head",Count:1b,tag:{display:{Name:"{\"text\":\"§r§eBdoubleO100\"}"},SkullOwner:{Id:[I;-310879889,-1517271813,-1993124308,-1718154268],Properties:{textures:[{Value:"eyJ0ZXh0dXJlcyI6eyJTS0lOIjp7InVybCI6Imh0dHA6Ly90ZXh0dXJlcy5taW5lY3JhZnQubmV0L3RleHR1cmUvNzVlODA1ZDA0YjM3OGVkNzNkNDQ5ZWViOTUzZTBkNTdhMmIyZGZiZjNiNzk1MTY5OTRhMjNhMWRhMDcwNTFkZSJ9fX0="}]}}}}
minecraft:emerald	minecraft:air	Tango	{id:"minecraft:player_head",Count:1b,tag:{display:{Name:"{\"text\":\"§r§eTango\"}"},SkullOwner:{Id:[I;1384151528,-312261191,-1137610364,-335820559],Properties:{textures:[{Value:"eyJ0ZXh0dXJlcyI6eyJTS0lOIjp7InVybCI6Imh0dHA6Ly90ZXh0dXJlcy5taW5lY3JhZnQubmV0L3RleHR1cmUvNzE4NjAxMjU5ZDM3NTVkNmFlYTMyMmNiYjMzM2M0ZTM2OWNmM2IyMTY4MTA4ZjUxOWI1NGI1NDAzZjZiZjMzNiJ9fX0="}]}}}}
minecraft:emerald	minecraft:air	Grian	{id:"minecraft:player_head",Count:1b,tag:{display:{Name:"{\"text\":\"§r§eGrian\"}"},SkullOwner:{Id:[I;-636446914,-521319580,-2001161518,1306368003],Properties:{textures:[{Value:"eyJ0ZXh0dXJlcyI6eyJTS0lOIjp7InVybCI6Imh0dHA6Ly90ZXh0dXJlcy5taW5lY3JhZnQubmV0L3RleHR1cmUvNGI3YWI2ZGQ3MzE4ZTk5NDMyZjI0MzFiZTBlYjZiMGYxYzcwOTQ5YTRiOTJmNDUzYzYwZWE1YjhkMzNiNzEyYyJ9fX0="}]}}}}
minecraft:emerald	minecraft:air	iskall85	{id:"minecraft:player_head",Count:1b,tag:{display:{Name:"{\"text\":\"§r§eiskall85\"}"},SkullOwner:{Id:[I;1389006987,-197703398,-1822850834,-586365202],Properties:{textures:[{Value:"eyJ0ZXh0dXJlcyI6eyJTS0lOIjp7InVybCI6Imh0dHA6Ly90ZXh0dXJlcy5taW5lY3JhZnQubmV0L3RleHR1cmUvZjBiZmE4YTExOGI3ZjdkNzRiZGU4NDdjMWEyNDgzMWZiY2E2ODJhZDNjYzVkNzk4MzljYmVmYjlkZTQ5MDczNiJ9fX0="}]}}}}
minecraft:emerald	minecraft:air	ZombieCleo	{id:"minecraft:player_head",Count:1b,tag:{display:{Name:"{\"text\":\"§r§eZombieCleo\"}"},SkullOwner:{Id:[I;244375928,-1247129770,-1937916620,-522218289],Properties:{textures:[{Value:"eyJ0ZXh0dXJlcyI6eyJTS0lOIjp7InVybCI6Imh0dHA6Ly90ZXh0dXJlcy5taW5lY3JhZnQubmV0L3RleHR1cmUvODlmZWZmODM4YWI1NmU0MDI1ZWVmODdlOTNjNDE4ODc4MTEwZDhjOGQ5MDVkOGZkNGI0OTM4ODljMDFhNWYxNyJ9fX0="}]}}}}
minecraft:emerald	minecraft:ender_chest	Ender Chest	{id:"minecraft:player_head",Count:8,tag:{display:{Name:"{\"text\":\"§r§eEnder Chest\"}"},SkullOwner:{Id:[I;1121675190,-1647227906,-1267169239,-1050533352],Properties:{textures:[{Value:"eyJ0ZXh0dXJlcyI6eyJTS0lOIjp7InVybCI6Imh0dHA6Ly90ZXh0dXJlcy5taW5lY3JhZnQubmV0L3RleHR1cmUvYTZjYzQ4NmMyYmUxY2I5ZGZjYjJlNTNkZDlhM2U5YTg4M2JmYWRiMjdjYjk1NmYxODk2ZDYwMmI0MDY3In19fQ=="}]}}}}
minecraft:emerald	minecraft:enchanting_table	Enchanting Table	{id:"minecraft:player_head",Count:8,tag:{display:{Name:"{\"text\":\"§r§eEnchanting Table\"}"},SkullOwner:{Id:[I;1143285804,1087852176,-1955468997,523638056],Properties:{textures:[{Value:"eyJ0ZXh0dXJlcyI6eyJTS0lOIjp7InVybCI6Imh0dHA6Ly90ZXh0dXJlcy5taW5lY3JhZnQubmV0L3RleHR1cmUvZTU2OTYzNzNhMTg3ZTZkMmRkY2RmMWQ2Nzc3NGNiMTFmM2E1MmE5NzY3YTA4NDU4OWIyM2YxOWE3ZjIzYTcxYSJ9fX0="}]}}}}
minecraft:emerald	minecraft:furnace	Furnace	{id:"minecraft:player_head",Count:8,tag:{display:{Name:"{\"text\":\"§r§eFurnace\"}"},SkullOwner:{Id:[I;1928291291,721635426,-1551856110,-1197927071],Properties:{textures:[{Value:"eyJ0ZXh0dXJlcyI6eyJTS0lOIjp7InVybCI6Imh0dHA6Ly90ZXh0dXJlcy5taW5lY3JhZnQubmV0L3RleHR1cmUvMTI5NTc3YjhmNDBkNjE0ZDJhODA5NDYxNWRhMTA2OGNmMTJjYjhmNzgzNDU4MzliZDBmN2VhYTc3YjA2ZTI3ZSJ9fX0="}]}}}}
minecraft:emerald	minecraft:crafting_table	Crafting Table	{id:"minecraft:player_head",Count:8,tag:{display:{Name:"{\"text\":\"§r§eCrafting Table\"}"},SkullOwner:{Id:[I;-503443184,-461878192,-1641291739,2109861050],Properties:{textures:[{Value:"eyJ0ZXh0dXJlcyI6eyJTS0lOIjp7InVybCI6Imh0dHA6Ly90ZXh0dXJlcy5taW5lY3JhZnQubmV0L3RleHR1cmUvNWU2YWIzZmRjMmJjYjA3YWU3NjkwODAxYWUwMGFjMmZmZjU0MmQ3OTMwODk2MWMyYjU3OTM3MGVjZjY1NmMyOSJ9fX0="}]}}}}
minecraft:emerald	minecraft:chest	Chest	{id:"minecraft:player_head",Count:8,tag:{display:{Name:"{\"text\":\"§r§eChest\"}"},SkullOwner:{Id:[I;866667617,641484425,-1507050624,1155661645],Properties:{textures:[{Value:"eyJ0ZXh0dXJlcyI6eyJTS0lOIjp7InVybCI6Imh0dHA6Ly90ZXh0dXJlcy5taW5lY3JhZnQubmV0L3RleHR1cmUvZDVjNmRjMmJiZjUxYzM2Y2ZjNzcxNDU4NWE2YTU2ODNlZjJiMTRkNDdkOGZmNzE0NjU0YTg5M2Y1ZGE2MjIifX19"}]}}}}
minecraft:emerald	minecraft:shulker_box	Shulker	{id:"minecraft:player_head",Count:8,tag:{display:{Name:"{\"text\":\"§r§eShulker\"}"},SkullOwner:{Id:[I;-1129528308,-1289662483,-1432423767,-23892470],Properties:{textures:[{Value:"eyJ0ZXh0dXJlcyI6eyJTS0lOIjp7InVybCI6Imh0dHA6Ly90ZXh0dXJlcy5taW5lY3JhZnQubmV0L3RleHR1cmUvMzlhYTg4YTA1ZmE1ZjMzYjYzMmU1NWE2NDU1YzE0ZmIwZmEyNzllNjMxNDdmOTc3OGQzOWRmOGY1OGE0NzkyMiJ9fX0="}]}}}}
minecraft:emerald	minecraft:jukebox	Jukebox	{id:"minecraft:player_head",Count:8,tag:{display:{Name:"{\"text\":\"§r§eJukebox\"}"},SkullOwner:{Id:[I;-1494076916,-366001432,-2034597608,576848057],Properties:{textures:[{Value:"eyJ0ZXh0dXJlcyI6eyJTS0lOIjp7InVybCI6Imh0dHA6Ly90ZXh0dXJlcy5taW5lY3JhZnQubmV0L3RleHR1cmUvZThmNTY3MzM5ZjQ1NmNkNzk4NzVjNmRmMDM3NDI1MjAyMTIyYzhhNDE2YTRkNGU5ODcyMmNiMDFhYTVmODg5OCJ9fX0"}]}}}}
minecraft:emerald	minecraft:white_concrete	White Concrete	{id:"minecraft:player_head",Count:8,tag:{display:{Name:"{\"text\":\"§r§eWhite Concrete\"}"},SkullOwner:{Id:[I;874606536,1073040081,-1396034593,-1410251262],Properties:{textures:[{Value:"eyJ0ZXh0dXJlcyI6eyJTS0lOIjp7InVybCI6Imh0dHA6Ly90ZXh0dXJlcy5taW5lY3JhZnQubmV0L3RleHR1cmUvZDA5MjVjNDhiMDU2NjI4NDhlYzlmMDY4NWY4NThkODg5ZDNkYTExYjA3MTc4OGVhYTM2Y2NkOGYxZjMxZGUifX19"}]}}}}
minecraft:emerald	minecraft:orange_concrete	Orange Concrete	{id:"minecraft:player_head",Count:8,tag:{display:{Name:"{\"text\":\"§r§eOrange Concrete\"}"},SkullOwner:{Id:[I;1754405132,781795802,-1075877496,1191199993],Properties:{textures:[{Value:"eyJ0ZXh0dXJlcyI6eyJTS0lOIjp7InVybCI6Imh0dHA6Ly90ZXh0dXJlcy5taW5lY3JhZnQubmV0L3RleHR1cmUvNjNmMTNlMjNlYzIzNDY3YWM1ZTZmNjVhODNmMjY4NmViZWNkOTk4NmRmNWY4Y2JjZDZmYWZjNDJlNjYyYjM4In19fQ=="}]}}}}
minecraft:emerald	minecraft:magenta_concrete	Magenta Concrete	{id:"minecraft:player_head",Count:8,tag:{display:{Name:"{\"text\":\"§r§eMagenta Concrete\"}"},SkullOwner:{Id:[I;1945506371,-386842046,-1107492490,1899899850],Properties:{textures:[{Value:"eyJ0ZXh0dXJlcyI6eyJTS0lOIjp7InVybCI6Imh0dHA6Ly90ZXh0dXJlcy5taW5lY3JhZnQubmV0L3RleHR1cmUvNjVlZjJkODdmN2MxZGVmNzk1MjNlOTU2NzY3YjgyODRjYTM4OWIyNDI5OWY1ZTQ2NWQ0NTc5ODlkNjJkZjgifX19"}]}}}}
minecraft:emerald	minecraft:light_blue_concrete	Light Blue Concrete	{id:"minecraft:player_head",Count:8,tag:{display:{Name:"{\"text\":\"§r§eLight Blue Concrete\"}"},SkullOwner:{Id:[I;332011298,531054921,-1468662549,1923484379],Properties:{textures:[{Value:"eyJ0ZXh0dXJlcyI6eyJTS0lOIjp7InVybCI6Imh0dHA6Ly90ZXh0dXJlcy5taW5lY3JhZnQubmV0L3RleHR1cmUvZjQ3N2Y0NDM4OTM2MmM0Yzc2NGM4NDdhOTczOWJjNzhjMzI0NjdlYWI0ZTM4MzBhZTRjOGJlYWMzNDQyZWY5In19fQ=="}]}}}}
minecraft:emerald	minecraft:yellow_concrete	Yellow Concrete	{id:"minecraft:player_head",Count:8,tag:{display:{Name:"{\"text\":\"§r§eYellow Concrete\"}"},SkullOwner:{Id:[I;225680432,-1102756806,-1374490912,-1133688672],Properties:{textures:[{Value:"eyJ0ZXh0dXJlcyI6eyJTS0lOIjp7InVybCI6Imh0dHA6Ly90ZXh0dXJlcy5taW5lY3JhZnQubmV0L3RleHR1cmUvZmNhNWJmZjMyNWVkNzFkOTdhMmRkZmM4M2FjZjA1ZmU3ZmQ5Y2I3Y2JkYjE1ZWJiNGYwNTYyMTkwN2U5ZjJiIn19fQ=="}]}}}}
minecraft:emerald	minecraft:lime_concrete	Lime Concrete	{id:"minecraft:player_head",Count:8,tag:{display:{Name:"{\"text\":\"§r§eLime Concrete\"}"},SkullOwner:{Id:[I;-302860700,702106748,-1891744892,781331959],Properties:{textures:[{Value:"eyJ0ZXh0dXJlcyI6eyJTS0lOIjp7InVybCI6Imh0dHA6Ly90ZXh0dXJlcy5taW5lY3JhZnQubmV0L3RleHR1cmUvNGI1OTljNjE4ZTkxNGMyNWEzN2Q2OWY1NDFhMjJiZWJiZjc1MTYxNTI2Mzc1NmYyNTYxZmFiNGNmYTM5ZSJ9fX0="}]}}}}
minecraft:emerald	minecraft:pink_concrete	Pink Concrete	{id:"minecraft:player_head",Count:8,tag:{display:{Name:"{\"text\":\"§r§ePink Concrete\"}"},SkullOwner:{Id:[I;367714912,438125528,-2041009374,1198691286],Properties:{textures:[{Value:"eyJ0ZXh0dXJlcyI6eyJTS0lOIjp7InVybCI6Imh0dHA6Ly90ZXh0dXJlcy5taW5lY3JhZnQubmV0L3RleHR1cmUvMjI3NDlkMzdjM2Y5OGQ0NTdiZjU0MDIyYThiNjEzYTQzNTNlZDhkZDJlMTQ5NDI2ZmM0MmRiM2I3ZCJ9fX0="}]}}}}
minecraft:emerald	minecraft:gray_concrete	Gray Concrete	{id:"minecraft:player_head",Count:8,tag:{display:{Name:"{\"text\":\"§r§eGray Concrete\"}"},SkullOwner:{Id:[I;798647880,520504591,-1580045656,835383144],Properties:{textures:[{Value:"eyJ0ZXh0dXJlcyI6eyJTS0lOIjp7InVybCI6Imh0dHA6Ly90ZXh0dXJlcy5taW5lY3JhZnQubmV0L3RleHR1cmUvYzA2ZDdiZWZjODJmMjAxZjgzZTE5Mzc2N2U2M2Y4MTAzNzIxNWFmZDQ4M2EzOGQzNjk2NTk4MmNhNmQwIn19fQ=="}]}}}}
minecraft:emerald	minecraft:light_gray_concrete	Light Gray Concrete	{id:"minecraft:player_head",Count:8,tag:{display:{Name:"{\"text\":\"§r§eLight Gray Concrete\"}"},SkullOwner:{Id:[I;-783846850,1919646,-1941995194,-117665879],Properties:{textures:[{Value:"eyJ0ZXh0dXJlcyI6eyJTS0lOIjp7InVybCI6Imh0dHA6Ly90ZXh0dXJlcy5taW5lY3JhZnQubmV0L3RleHR1cmUvNmJhMGM0YTBmZGNlOTIzYTkwNDgzMjhkNjY0MTQ3YzViOTI0NDkxZjRlZTVmZWE3MWYzZTllYzMxNCJ9fX0="}]}}}}
minecraft:emerald	minecraft:cyan_concrete	Cyan Concrete	{id:"minecraft:player_head",Count:8,tag:{display:{Name:"{\"text\":\"§r§eCyan Concrete\"}"},SkullOwner:{Id:[I;1195875438,-1644802223,-2088516836,1280871231],Properties:{textures:[{Value:"eyJ0ZXh0dXJlcyI6eyJTS0lOIjp7InVybCI6Imh0dHA6Ly90ZXh0dXJlcy5taW5lY3JhZnQubmV0L3RleHR1cmUvZjMzYjUxZmVmMWQ3ZmRmMTkyNzRiYjc2ZmNlZGVjZWM3YTc3ZDAxMGNiMzRmZTAyOWZiNzk0Y2M1OWFiYSJ9fX0="}]}}}}
minecraft:emerald	minecraft:purple_concrete	Purple Concrete	{id:"minecraft:player_head",Count:8,tag:{display:{Name:"{\"text\":\"§r§ePurple Concrete\"}"},SkullOwner:{Id:[I;-1562366639,523718562,-1088264808,-416099102],Properties:{textures:[{Value:"eyJ0ZXh0dXJlcyI6eyJTS0lOIjp7InVybCI6Imh0dHA6Ly90ZXh0dXJlcy5taW5lY3JhZnQubmV0L3RleHR1cmUvZjBjMDVkNTYwZDhlMTNmMGNiMjVjMTVjODMxYmM1OTU0NTBjNWU1NGNlMzVmYTU0ZTE3ZTA0OTUyNjdjIn19fQ=="}]}}}}
minecraft:emerald	minecraft:blue_concrete	Blue Concrete	{id:"minecraft:player_head",Count:8,tag:{display:{Name:"{\"text\":\"§r§eBlue Concrete\"}"},SkullOwner:{Id:[I;-517992799,-800635777,-1916863952,-456112211],Properties:{textures:[{Value:"eyJ0ZXh0dXJlcyI6eyJTS0lOIjp7InVybCI6Imh0dHA6Ly90ZXh0dXJlcy5taW5lY3JhZnQubmV0L3RleHR1cmUvNTdjN2EyOTcxMDNkYjA4NGFmNjI3M2I4Nzk4MDVhZmM4NTc3Y2M4MmM3NTJhYzI2NmNmOGQ3YTZlZWE2MCJ9fX0="}]}}}}
minecraft:emerald	minecraft:brown_concrete	Brown Concrete	{id:"minecraft:player_head",Count:8,tag:{display:{Name:"{\"text\":\"§r§eBrown Concrete\"}"},SkullOwner:{Id:[I;-1147216834,-474986328,-1425021264,607657995],Properties:{textures:[{Value:"eyJ0ZXh0dXJlcyI6eyJTS0lOIjp7InVybCI6Imh0dHA6Ly90ZXh0dXJlcy5taW5lY3JhZnQubmV0L3RleHR1cmUvNjUzODEyMGY2MThmMmNjZDNiYmRjMThjZDU3ODJlNjM4MmFlOWVlNzJkMDVmNWY4NjI3NmFkYTU0ZWY3ZWQifX19"}]}}}}
minecraft:emerald	minecraft:green_concrete	Green Concrete	{id:"minecraft:player_head",Count:8,tag:{display:{Name:"{\"text\":\"§r§eGreen Concrete\"}"},SkullOwner:{Id:[I;682498106,-2029171087,-1661131006,1046424684],Properties:{textures:[{Value:"eyJ0ZXh0dXJlcyI6eyJTS0lOIjp7InVybCI6Imh0dHA6Ly90ZXh0dXJlcy5taW5lY3JhZnQubmV0L3RleHR1cmUvZGZhYjdkYWViOGYzMzNjNzg4NmE3MGVmMzBjYWY0ZGVjNGE4Y2QxMDQ5M2YyMzgwMmYxNTE2YmRkMjNmY2QifX19"}]}}}}
minecraft:emerald	minecraft:red_concrete	Red Concrete	{id:"minecraft:player_head",Count:8,tag:{display:{Name:"{\"text\":\"§r§eRed Concrete\"}"},SkullOwner:{Id:[I;-142002610,2093239173,-1299655714,-773940749],Properties:{textures:[{Value:"eyJ0ZXh0dXJlcyI6eyJTS0lOIjp7InVybCI6Imh0dHA6Ly90ZXh0dXJlcy5taW5lY3JhZnQubmV0L3RleHR1cmUvNjE4NTZjN2IzNzhkMzUwMjYyMTQzODQzZDFmOWZiYjIxOTExYTcxOTgzYmE3YjM5YTRkNGJhNWI2NmJlZGM2In19fQ=="}]}}}}
minecraft:emerald	minecraft:black_concrete	Black Concrete	{id:"minecraft:player_head",Count:8,tag:{display:{Name:"{\"text\":\"§r§eBlack Concrete\"}"},SkullOwner:{Id:[I;2005968586,-372816795,-1606330677,-1266867476],Properties:{textures:[{Value:"eyJ0ZXh0dXJlcyI6eyJTS0lOIjp7InVybCI6Imh0dHA6Ly90ZXh0dXJlcy5taW5lY3JhZnQubmV0L3RleHR1cmUvNGZjMjM3MmI0NTc1NDJjNjU0ODNhZmExNDQyZTFjMzNhNWZmNzU4ZDM2MmVjZWM0MzQ4Nzk1MTcyODI0ZDg2OSJ9fX0="}]}}}}
minecraft:emerald	minecraft:obsidian	Obsidian	{id:"minecraft:player_head",Count:8,tag:{display:{Name:"{\"text\":\"§r§eObsidian\"}"},SkullOwner:{Id:[I;-656341730,-677754867,-1227897108,-287653697],Properties:{textures:[{Value:"eyJ0ZXh0dXJlcyI6eyJTS0lOIjp7InVybCI6Imh0dHA6Ly90ZXh0dXJlcy5taW5lY3JhZnQubmV0L3RleHR1cmUvODRjMzA4NTVmODliNDkwYzZmZjIzMmRmM2QzZWM3NDMzYWI2MzYxMGE5YTk1N2M4OGE2Y2Q0MzI3YjA2YTQ5ZSJ9fX0="}]}}}}
minecraft:emerald	minecraft:bricks	Bricks	{id:"minecraft:player_head",Count:8,tag:{display:{Name:"{\"text\":\"§r§eBricks\"}"},SkullOwner:{Id:[I;1632324956,496518846,-1778592707,-1349729402],Properties:{textures:[{Value:"eyJ0ZXh0dXJlcyI6eyJTS0lOIjp7InVybCI6Imh0dHA6Ly90ZXh0dXJlcy5taW5lY3JhZnQubmV0L3RleHR1cmUvNGQ2YWJjY2RmZGI1MjMxZjc0NzEwZDc3OGMyMDg0ZjRjOGU0Y2Q2OTEzYTcwZThhNzIxM2FkYjYzOTE5MjUyNyJ9fX0="}]}}}}
minecraft:emerald	minecraft:sandstone	Sandstone	{id:"minecraft:player_head",Count:8,tag:{display:{Name:"{\"text\":\"§r§eSandstone\"}"},SkullOwner:{Id:[I;-723230265,769214403,-1993347138,-1703194299],Properties:{textures:[{Value:"eyJ0ZXh0dXJlcyI6eyJTS0lOIjp7InVybCI6Imh0dHA6Ly90ZXh0dXJlcy5taW5lY3JhZnQubmV0L3RleHR1cmUvMWJhZTQxMTk4NTdiZDgyYzdlZGVjMDM0ODIwYjc3ZDVhODM2MDBjOWRhZGNiYWI4NWE3MDQzMTM1MTU2MDFhYyJ9fX0="}]}}}}
minecraft:emerald	minecraft:quartz_block	Quartz Block	{id:"minecraft:player_head",Count:8,tag:{display:{Name:"{\"text\":\"§r§eQuartz Block\"}"},SkullOwner:{Id:[I;-1555882494,-224312510,-1802645224,371241416],Properties:{textures:[{Value:"eyJ0ZXh0dXJlcyI6eyJTS0lOIjp7InVybCI6Imh0dHA6Ly90ZXh0dXJlcy5taW5lY3JhZnQubmV0L3RleHR1cmUvZTIxMDY0NTlkMjI0N2I0M2M2MjhkY2Y2YzY4Zjc0YmI3MDY2OTQ4YWRhMTFkMzNhODA0OTUzY2I1YzYwZjY3YyJ9fX0="}]}}}}
minecraft:emerald	minecraft:purpur_block	Purpur Block	{id:"minecraft:player_head",Count:8,tag:{display:{Name:"{\"text\":\"§r§ePurpur Block\"}"},SkullOwner:{Id:[I;-1526544585,430129758,-1771826095,1002196847],Properties:{textures:[{Value:"eyJ0ZXh0dXJlcyI6eyJTS0lOIjp7InVybCI6Imh0dHA6Ly90ZXh0dXJlcy5taW5lY3JhZnQubmV0L3RleHR1cmUvNTc0NWViNTM3YTA3YWNiYmE3ZmFiNTAwOTA1MWM0MmI4MmI3ZTg3N2ViODM2ODkxMzFkNDg3NjExOGYzOTMwMCJ9fX0="}]}}}}
minecraft:emerald	minecraft:snow_block	Snow Block	{id:"minecraft:player_head",Count:8,tag:{display:{Name:"{\"text\":\"§r§eSnow Block\"}"},SkullOwner:{Id:[I;-1313533148,1465927664,-1581638738,99661665],Properties:{textures:[{Value:"eyJ0ZXh0dXJlcyI6eyJTS0lOIjp7InVybCI6Imh0dHA6Ly90ZXh0dXJlcy5taW5lY3JhZnQubmV0L3RleHR1cmUvNjNhOWUxNTM4MjhmNWZlMzJjMWM0ODVhYWUxNWMwYzFmNTE2ZWZlN2Y0NzBmYThjMGMzYjk0MDgxYjU2ZTBhNCJ9fX0="}]}}}}
minecraft:emerald	minecraft:terracotta	Terracotta	{id:"minecraft:player_head",Count:8,tag:{display:{Name:"{\"text\":\"§r§eTerracotta\"}"},SkullOwner:{Id:[I;1874327669,-1673772664,-1197322895,-854659724],Properties:{textures:[{Value:"eyJ0ZXh0dXJlcyI6eyJTS0lOIjp7InVybCI6Imh0dHA6Ly90ZXh0dXJlcy5taW5lY3JhZnQubmV0L3RleHR1cmUvZmRkMWJkYjk0MWJkNjkyOGZhMDFlM2NkY2E2MzdhZjViNjFmYmNiYWZhZTk2MmQ0MTQzMDQ5MTUzYjA3NThhMyJ9fX0="}]}}}}
minecraft:emerald	minecraft:end_stone_bricks	End Stone Bricks	{id:"minecraft:player_head",Count:8,tag:{display:{Name:"{\"text\":\"§r§eEnd Stone Bricks\"}"},SkullOwner:{Id:[I;-1150408269,1286096752,-1903614581,122200417],Properties:{textures:[{Value:"eyJ0ZXh0dXJlcyI6eyJTS0lOIjp7InVybCI6Imh0dHA6Ly90ZXh0dXJlcy5taW5lY3JhZnQubmV0L3RleHR1cmUvYjBjNzRlMDFiOGIzNTI1NjVjNzFiNGZiMjgxMjEwMDhmNjI4NDAxNzUzMmRjZDkxODAyMzM4ODIxZjdkYjQ4ZiJ9fX0="}]}}}}
minecraft:emerald	minecraft:red_mushroom_block	Red Mushroom Block	{id:"minecraft:player_head",Count:8,tag:{display:{Name:"{\"text\":\"§r§eRed Mushroom Block\"}"},SkullOwner:{Id:[I;2023353641,-789494170,-1106185596,1003422702],Properties:{textures:[{Value:"eyJ0ZXh0dXJlcyI6eyJTS0lOIjp7InVybCI6Imh0dHA6Ly90ZXh0dXJlcy5taW5lY3JhZnQubmV0L3RleHR1cmUvM2JhMWEzZDg3NmEwN2EzMDBkYWM1MTUwZWI3MGY0ZGE2NDE4NmM2NzcwZDQwOWMxODViYThjYjA5MDJlOGZhYiJ9fX0="}]}}}}
minecraft:emerald	minecraft:sand	Sand	{id:"minecraft:player_head",Count:8,tag:{display:{Name:"{\"text\":\"§r§eSand\"}"},SkullOwner:{Id:[I;1381378554,1711423830,-2009393088,1937950700],Properties:{textures:[{Value:"eyJ0ZXh0dXJlcyI6eyJTS0lOIjp7InVybCI6Imh0dHA6Ly90ZXh0dXJlcy5taW5lY3JhZnQubmV0L3RleHR1cmUvOTE3OGQ4MWRhZjdlMGRmMjk3YmNiNWJiOTAwOWZiNjYzMjAzZjllMjA3MzYxOTRkZjgzYWFjOGVhOTQwODNiMSJ9fX0="}]}}}}
minecraft:emerald	minecraft:red_sand	Red Sand	{id:"minecraft:player_head",Count:8,tag:{display:{Name:"{\"text\":\"§r§eRed Sand\"}"},SkullOwner:{Id:[I;1115752381,-1932768137,-1799524842,-1635272322],Properties:{textures:[{Value:"eyJ0ZXh0dXJlcyI6eyJTS0lOIjp7InVybCI6Imh0dHA6Ly90ZXh0dXJlcy5taW5lY3JhZnQubmV0L3RleHR1cmUvNDM5MzA5M2U4ZWU2NGVhZTBlNmNmYTUyZjI5ODhkMGQwNzZhNDI1YzQ0YmZhM2Q0MzQ0MGY3OTMxYzU0ZTU2YiJ9fX0="}]}}}}
minecraft:emerald	minecraft:gravel	Gravel	{id:"minecraft:player_head",Count:8,tag:{display:{Name:"{\"text\":\"§r§eGravel\"}"},SkullOwner:{Id:[I;933387079,-924824143,-1670039580,-1215423864],Properties:{textures:[{Value:"eyJ0ZXh0dXJlcyI6eyJTS0lOIjp7InVybCI6Imh0dHA6Ly90ZXh0dXJlcy5taW5lY3JhZnQubmV0L3RleHR1cmUvN2U0YThlNTFlMjg5OTA2OGU4MjNjODE4ZGIxYTBkYjk0NDdkMmYxNmY0YTE1NzhlNWQxNDYxZDcxNDc2NWU2MiJ9fX0="}]}}}}
minecraft:emerald	minecraft:grass_block	Grass Block	{id:"minecraft:player_head",Count:8,tag:{display:{Name:"{\"text\":\"§r§eGrass Block\"}"},SkullOwner:{Id:[I;-33375620,1874085261,-1350728281,712933731],Properties:{textures:[{Value:"eyJ0ZXh0dXJlcyI6eyJTS0lOIjp7InVybCI6Imh0dHA6Ly90ZXh0dXJlcy5taW5lY3JhZnQubmV0L3RleHR1cmUvZjc4NDk5Nzc2ZmYyZGFiNzdhNTkzZGI2MDc3YTZmNzY1NDkzMWU1NWZmNTVlNWRhZDJkMjgwN2JiMGUzNzc2OCJ9fX0="}]}}}}
minecraft:emerald	minecraft:dirt	Dirt	{id:"minecraft:player_head",Count:8,tag:{display:{Name:"{\"text\":\"§r§eDirt\"}"},SkullOwner:{Id:[I;-905830593,1342326450,-1087072169,2030633423],Properties:{textures:[{Value:"eyJ0ZXh0dXJlcyI6eyJTS0lOIjp7InVybCI6Imh0dHA6Ly90ZXh0dXJlcy5taW5lY3JhZnQubmV0L3RleHR1cmUvMWFiNDNiOGMzZDM0ZjEyNWU1YTNmOGI5MmNkNDNkZmQxNGM2MjQwMmMzMzI5ODQ2MWQ0ZDRkN2NlMmQzYWVhIn19fQ=="}]}}}}
minecraft:emerald	minecraft:podzol	Podzol	{id:"minecraft:player_head",Count:8,tag:{display:{Name:"{\"text\":\"§r§ePodzol\"}"},SkullOwner:{Id:[I;1684563237,149243149,-1079132305,808821181],Properties:{textures:[{Value:"eyJ0ZXh0dXJlcyI6eyJTS0lOIjp7InVybCI6Imh0dHA6Ly90ZXh0dXJlcy5taW5lY3JhZnQubmV0L3RleHR1cmUvOTA0NmI4YzQzMDY0OTA4M2Y4NjRkNDBkZmFjODViZTBkNGRkYWRiZGRlOTE5ZTM2MjZjYzdmNDE3NGY1NGZlYiJ9fX0="}]}}}}
minecraft:emerald	minecraft:mycelium	Mycelium	{id:"minecraft:player_head",Count:8,tag:{display:{Name:"{\"text\":\"§r§eMycelium\"}"},SkullOwner:{Id:[I;1561774506,1534870193,-1976207281,-1080976248],Properties:{textures:[{Value:"eyJ0ZXh0dXJlcyI6eyJTS0lOIjp7InVybCI6Imh0dHA6Ly90ZXh0dXJlcy5taW5lY3JhZnQubmV0L3RleHR1cmUvYTNjMDc3ZWQ2ZDk5NjIyMzBkOWQ4NjcwYmFkODc2YzMzOTQxZmM5Y2ZiMTdlNmVkMGE4MDUyN2M2OTE4NTQ3OCJ9fX0="}]}}}}
minecraft:emerald	minecraft:clay	Clay	{id:"minecraft:player_head",Count:8,tag:{display:{Name:"{\"text\":\"§r§eClay\"}"},SkullOwner:{Id:[I;-209094448,882983834,-2097896720,1343962421],Properties:{textures:[{Value:"eyJ0ZXh0dXJlcyI6eyJTS0lOIjp7InVybCI6Imh0dHA6Ly90ZXh0dXJlcy5taW5lY3JhZnQubmV0L3RleHR1cmUvNTkyNGVkYTcyYTA3ZjU2MzI4ZTAzNmYyMzBlNDg4ODE3ZGQ0ZDQ1NjgxOTEzZDJmYzliZjJkMmE1ZjE5NDFhZSJ9fX0="}]}}}}
minecraft:emerald	minecraft:packed_ice	Packed Ice	{id:"minecraft:player_head",Count:8,tag:{display:{Name:"{\"text\":\"§r§ePacked Ice\"}"},SkullOwner:{Id:[I;-1818764586,-263896844,-1682569298,-377540831],Properties:{textures:[{Value:"eyJ0ZXh0dXJlcyI6eyJTS0lOIjp7InVybCI6Imh0dHA6Ly90ZXh0dXJlcy5taW5lY3JhZnQubmV0L3RleHR1cmUvMzE1NDIyODZkYTAzYWI3ZWVjYzRlNTYyYzNmOGI4YTFjZjc4MWRhMzA4YjA3OWUzYWMzMzE0NTYxYjljMWQ5OSJ9fX0="}]}}}}
minecraft:emerald	minecraft:melon	Melon	{id:"minecraft:player_head",Count:8,tag:{display:{Name:"{\"text\":\"§r§eMelon\"}"},SkullOwner:{Id:[I;-1632129002,1276595018,-2063502206,-1821787041],Properties:{textures:[{Value:"eyJ0ZXh0dXJlcyI6eyJTS0lOIjp7InVybCI6Imh0dHA6Ly90ZXh0dXJlcy5taW5lY3JhZnQubmV0L3RleHR1cmUvMjgzZjc4NWJmMGEwMDU0NDcwZDc0YWUyZDEyODUyNTI5NTZmZWUwYWJkMjg0YWZhMzcxNTQwNGVlYzY2ZWVlZiJ9fX0="}]}}}}
minecraft:emerald	minecraft:pumpkin	Pumpkin	{id:"minecraft:player_head",Count:8,tag:{display:{Name:"{\"text\":\"§r§ePumpkin\"}"},SkullOwner:{Id:[I;159409149,-609532550,-1582925226,1672502963],Properties:{textures:[{Value:"eyJ0ZXh0dXJlcyI6eyJTS0lOIjp7InVybCI6Imh0dHA6Ly90ZXh0dXJlcy5taW5lY3JhZnQubmV0L3RleHR1cmUvYjliZTU1MDUzMTg4OGQ2MzI1NzE3Yjc1M2U2MjUyZTM4MDg2NzM2OWRlMDEyMjVmYTQwMmUxYWVlYzZmYWY3OSJ9fX0="}]}}}}
minecraft:emerald	minecraft:hay_block	Hay Bale	{id:"minecraft:player_head",Count:8,tag:{display:{Name:"{\"text\":\"§r§eHay Bale\"}"},SkullOwner:{Id:[I;-720226656,1076906699,-1474844725,-540282595],Properties:{textures:[{Value:"eyJ0ZXh0dXJlcyI6eyJTS0lOIjp7InVybCI6Imh0dHA6Ly90ZXh0dXJlcy5taW5lY3JhZnQubmV0L3RleHR1cmUvOGI1OTZiNzI4NmVlZjJkZjI3NWMwZmIzZjQ5MTY2NGM2ZWZkMzBjYTdkNDY5N2I5OTg0OWEwYTQ2YmRlM2QyNCJ9fX0="}]}}}}
minecraft:emerald	minecraft:dark_prismarine	Dark Prismarine	{id:"minecraft:player_head",Count:8,tag:{display:{Name:"{\"text\":\"§r§eDark Prismarine\"}"},SkullOwner:{Id:[I;-168015702,1646741160,-1708845079,1798277062],Properties:{textures:[{Value:"eyJ0ZXh0dXJlcyI6eyJTS0lOIjp7InVybCI6Imh0dHA6Ly90ZXh0dXJlcy5taW5lY3JhZnQubmV0L3RleHR1cmUvODIxNTI0MWEyMGVkZWEwYTY0ZjY4MmYzOGE2OWQxZGNkZmFhOGQ5Y2M2NjhhNzhiM2I3MmMwODhmZDIyOTFkOSJ9fX0="}]}}}}
minecraft:emerald	minecraft:prismarine_bricks	Prismarine Brick	{id:"minecraft:player_head",Count:8,tag:{display:{Name:"{\"text\":\"§r§ePrismarine Brick\"}"},SkullOwner:{Id:[I;765528172,-1794685228,-1860883561,-1599114995],Properties:{textures:[{Value:"eyJ0ZXh0dXJlcyI6eyJTS0lOIjp7InVybCI6Imh0dHA6Ly90ZXh0dXJlcy5taW5lY3JhZnQubmV0L3RleHR1cmUvMWJkYTMyOTNlYzZhMDAzMzJlNjk4NjJjNzJhNGZmN2IxZDRhODBlZTY1YTRlMGU1MTViNTc0MzhiOTYxODcxYSJ9fX0="}]}}}}
minecraft:emerald	minecraft:prismarine	Prismarine	{id:"minecraft:player_head",Count:8,tag:{display:{Name:"{\"text\":\"§r§ePrismarine\"}"},SkullOwner:{Id:[I;-785651837,-1602204038,-1871639404,977888460],Properties:{textures:[{Value:"eyJ0ZXh0dXJlcyI6eyJTS0lOIjp7InVybCI6Imh0dHA6Ly90ZXh0dXJlcy5taW5lY3JhZnQubmV0L3RleHR1cmUvZTg2MjJmMzM3MTU1OGRjNGM3NDMxYzMyZTM1ZTc0YmVhZWE2NjA4MmMzZTRjY2NmNzAwNjIzMWY4ZjIzODNhZSJ9fX0="}]}}}}
minecraft:emerald	minecraft:sea_lantern	Sea Lantern	{id:"minecraft:player_head",Count:8,tag:{display:{Name:"{\"text\":\"§r§eSea Lantern\"}"},SkullOwner:{Id:[I;-1402837947,473713618,-1553258833,-1974277271],Properties:{textures:[{Value:"eyJ0ZXh0dXJlcyI6eyJTS0lOIjp7InVybCI6Imh0dHA6Ly90ZXh0dXJlcy5taW5lY3JhZnQubmV0L3RleHR1cmUvNGY4NTAzZWY3OTEzNWUwZGI0NjE2N2MzMDRhZWM5Zjc4MTQwN2ZmODZiMDkzNDdkN2Y5OGZhMTQ4ZjkzOWIxMCJ9fX0="}]}}}}
minecraft:emerald	minecraft:tube_coral	Tube Coral	{id:"minecraft:player_head",Count:8,tag:{display:{Name:"{\"text\":\"§r§eTube Coral\"}"},SkullOwner:{Id:[I;813153985,-1087551804,-2115540584,-404321160],Properties:{textures:[{Value:"eyJ0ZXh0dXJlcyI6eyJTS0lOIjp7InVybCI6Imh0dHA6Ly90ZXh0dXJlcy5taW5lY3JhZnQubmV0L3RleHR1cmUvMzlmYzNjZjU1MDhkNDBjMTQ2OTlkNWJmN2YyNTI3NTllMTk1NmFmOWE2NmQxNWE2YzM4NTQzNzhjNjFmNmQ5YSJ9fX0="}]}}}}
minecraft:emerald	minecraft:brain_coral	Brain Coral	{id:"minecraft:player_head",Count:8,tag:{display:{Name:"{\"text\":\"§r§eBrain Coral\"}"},SkullOwner:{Id:[I;-1665893688,-64271270,-1237356966,820830712],Properties:{textures:[{Value:"eyJ0ZXh0dXJlcyI6eyJTS0lOIjp7InVybCI6Imh0dHA6Ly90ZXh0dXJlcy5taW5lY3JhZnQubmV0L3RleHR1cmUvOTU3ZGQ0M2U4ZjFjZDEzNzI2YzBmOTlhYzQwNDcxNTA0N2QxMmViNDJhMjhmZmM2YWU5YmZiM2I3MGQ3NjQwYSJ9fX0="}]}}}}
minecraft:emerald	minecraft:bubble_coral	Bubble Coral	{id:"minecraft:player_head",Count:8,tag:{display:{Name:"{\"text\":\"§r§eBubble Coral\"}"},SkullOwner:{Id:[I;1908908961,1090211476,-1625708862,1359651145],Properties:{textures:[{Value:"eyJ0ZXh0dXJlcyI6eyJTS0lOIjp7InVybCI6Imh0dHA6Ly90ZXh0dXJlcy5taW5lY3JhZnQubmV0L3RleHR1cmUvMTNmMTgwNWVkY2QzMmI5N2FiMmYxOWEwM2JhYWIxZjhkNGRjNGRiOGVjN2EwMDRiMTRlYjY2NmQwOWZiODdmMiJ9fX0="}]}}}}
minecraft:emerald	minecraft:fire_coral	Fire Coral	{id:"minecraft:player_head",Count:8,tag:{display:{Name:"{\"text\":\"§r§eFire Coral\"}"},SkullOwner:{Id:[I;-1791347161,-1346943181,-1302204469,-2076365733],Properties:{textures:[{Value:"eyJ0ZXh0dXJlcyI6eyJTS0lOIjp7InVybCI6Imh0dHA6Ly90ZXh0dXJlcy5taW5lY3JhZnQubmV0L3RleHR1cmUvOWZlOGRlZDNjNzRlYWNkNzg0MTJhOTAzYjkwNGY1NTc3ODUwZDFlMjBkMzQ4NzhmZDc3NTk3YWQxNjMzYmY3NCJ9fX0="}]}}}}
minecraft:emerald	minecraft:horn_coral	Horn Coral	{id:"minecraft:player_head",Count:8,tag:{display:{Name:"{\"text\":\"§r§eHorn Coral\"}"},SkullOwner:{Id:[I;-1764707184,-1929621645,-2140990707,755500673],Properties:{textures:[{Value:"eyJ0ZXh0dXJlcyI6eyJTS0lOIjp7InVybCI6Imh0dHA6Ly90ZXh0dXJlcy5taW5lY3JhZnQubmV0L3RleHR1cmUvMzQ5MWI2ZTZhZTk0NTFjNDdlMDliZjFmZjIzZDUwZmZmODdiYTU5MjdhNTFmNDZmZmVkZjkyNmM1Y2JkZTc3ZiJ9fX0="}]}}}}
minecraft:emerald	minecraft:dried_kelp_block	Dried Kelp Block	{id:"minecraft:player_head",Count:8,tag:{display:{Name:"{\"text\":\"§r§eDried Kelp Block\"}"},SkullOwner:{Id:[I;-886334666,-1620619815,-1798076778,-1005972196],Properties:{textures:[{Value:"eyJ0ZXh0dXJlcyI6eyJTS0lOIjp7InVybCI6Imh0dHA6Ly90ZXh0dXJlcy5taW5lY3JhZnQubmV0L3RleHR1cmUvYjgwNWNhZjNkMDJlMzVlNGFhZGMxOWFmMTVlODI3OTAxNzdmMWNkN2I3OWY0ZjViODhkOTQzYWM2YmUyMDNhMSJ9fX0="}]}}}}
minecraft:emerald	minecraft:nether_wart_block	Nether Wart Block	{id:"minecraft:player_head",Count:8,tag:{display:{Name:"{\"text\":\"§r§eNether Wart Block\"}"},SkullOwner:{Id:[I;2077034153,2020296800,-1585963657,-385746014],Properties:{textures:[{Value:"eyJ0ZXh0dXJlcyI6eyJTS0lOIjp7InVybCI6Imh0dHA6Ly90ZXh0dXJlcy5taW5lY3JhZnQubmV0L3RleHR1cmUvYTAwNjIzOTk4YTI4NzA5ZmNmMDUzZmM1Njk2ODcxMTU4NjdlMGM3ZTU5ODlhOTRiNmU0YmY1MWQ4ZWQ3OWI0NiJ9fX0="}]}}}}
minecraft:emerald	minecraft:magma_block	Magma	{id:"minecraft:player_head",Count:8,tag:{display:{Name:"{\"text\":\"§r§eMagma\"}"},SkullOwner:{Id:[I;-1978680951,151015122,-2073343786,114904558],Properties:{textures:[{Value:"eyJ0ZXh0dXJlcyI6eyJTS0lOIjp7InVybCI6Imh0dHA6Ly90ZXh0dXJlcy5taW5lY3JhZnQubmV0L3RleHR1cmUvYTVkNzEwMjZiODU4OTEyNWQ0Yjk3OWM5NzIxYzkwYjc3NTg0YmQ3YjIwOTQyODJkMGYyZmEzNTMwNjQ0MmFhNSJ9fX0="}]}}}}
minecraft:emerald	minecraft:red_nether_bricks	Red Nether Bricks	{id:"minecraft:player_head",Count:8,tag:{display:{Name:"{\"text\":\"§r§eRed Nether Bricks\"}"},SkullOwner:{Id:[I;-1504046602,2032748169,-2000522761,691600868],Properties:{textures:[{Value:"eyJ0ZXh0dXJlcyI6eyJTS0lOIjp7InVybCI6Imh0dHA6Ly90ZXh0dXJlcy5taW5lY3JhZnQubmV0L3RleHR1cmUvZDc3Njk5ZWZkNGI5NzBhMGQxYzY1YWVmYmNiY2U4ZDNiZWJhODhmMWJlYzI5YmZhODY0NTA4OGY2YjI1YmM2MSJ9fX0="}]}}}}
minecraft:emerald	minecraft:soul_sand	Soul Sand	{id:"minecraft:player_head",Count:8,tag:{display:{Name:"{\"text\":\"§r§eSoul Sand\"}"},SkullOwner:{Id:[I;-211712376,2041400617,-1401449982,790274574],Properties:{textures:[{Value:"eyJ0ZXh0dXJlcyI6eyJTS0lOIjp7InVybCI6Imh0dHA6Ly90ZXh0dXJlcy5taW5lY3JhZnQubmV0L3RleHR1cmUvZmQyMTVjMDY5MDI2MDIxMGY5ODFjYTliYjgxZTY0MmIxODgyZWEzYzdiZjgxOTMwYmRhZmZmYjFkYWUxZmM5YSJ9fX0="}]}}}}
minecraft:emerald	minecraft:nether_bricks	Nether Bricks	{id:"minecraft:player_head",Count:8,tag:{display:{Name:"{\"text\":\"§r§eNether Bricks\"}"},SkullOwner:{Id:[I;-168837985,929450445,-2031073395,1352263635],Properties:{textures:[{Value:"eyJ0ZXh0dXJlcyI6eyJTS0lOIjp7InVybCI6Imh0dHA6Ly90ZXh0dXJlcy5taW5lY3JhZnQubmV0L3RleHR1cmUvN2NlNDZmZTNlNzU4MjYwZTYwMGE4OWMzM2QxM2UxZjYyN2ZkMDYxZDVlMGRkNzhiYWI4ODk5NTUxZTg0YWEwOCJ9fX0="}]}}}}
minecraft:emerald	minecraft:netherrack	Netherrack	{id:"minecraft:player_head",Count:8,tag:{display:{Name:"{\"text\":\"§r§eNetherrack\"}"},SkullOwner:{Id:[I;73823501,1215317040,-1786262062,-445943537],Properties:{textures:[{Value:"eyJ0ZXh0dXJlcyI6eyJTS0lOIjp7InVybCI6Imh0dHA6Ly90ZXh0dXJlcy5taW5lY3JhZnQubmV0L3RleHR1cmUvOWZjNDRmN2Y3NmVkMTI0NzJmNzA1ZTk5YmI1ZDc5YTQ0NjUzNGU5ZGMwNmQyMjhiYjYxOTQxYzNmYjg0OTQ3YiJ9fX0="}]}}}}
minecraft:emerald	minecraft:glowstone	Glowstone	{id:"minecraft:player_head",Count:8,tag:{display:{Name:"{\"text\":\"§r§eGlowstone\"}"},SkullOwner:{Id:[I;122630389,-704033691,-1080455880,726153390],Properties:{textures:[{Value:"eyJ0ZXh0dXJlcyI6eyJTS0lOIjp7InVybCI6Imh0dHA6Ly90ZXh0dXJlcy5taW5lY3JhZnQubmV0L3RleHR1cmUvYzQ2ZDM0OTU4Zjg3MDQxYjVlNGFmNjQxMjM4NjAwYTI3N2YwNjRmZjIyZGMxM2Y2YWY5YjZiZTU1NDdkZDc5MCJ9fX0="}]}}}}
minecraft:emerald	minecraft:coal_ore	Coal Ore	{id:"minecraft:player_head",Count:8,tag:{display:{Name:"{\"text\":\"§r§eCoal Ore\"}"},SkullOwner:{Id:[I;-1578666380,1389645673,-2019809589,106069281],Properties:{textures:[{Value:"eyJ0ZXh0dXJlcyI6eyJTS0lOIjp7InVybCI6Imh0dHA6Ly90ZXh0dXJlcy5taW5lY3JhZnQubmV0L3RleHR1cmUvYmY0MDA1NzcyMTkzMzNlYjYxNGE0ZDkyYmVmMjM5ZDMwZTJjYjA5MmQyYWQ3ZGZlYTViZDlkMGYxYWM0MGJlYSJ9fX0="}]}}}}
minecraft:emerald	minecraft:iron_ore	Iron Ore	{id:"minecraft:player_head",Count:8,tag:{display:{Name:"{\"text\":\"§r§eIron Ore\"}"},SkullOwner:{Id:[I;373955113,-1893973236,-1382621792,1764712526],Properties:{textures:[{Value:"eyJ0ZXh0dXJlcyI6eyJTS0lOIjp7InVybCI6Imh0dHA6Ly90ZXh0dXJlcy5taW5lY3JhZnQubmV0L3RleHR1cmUvOWU4YWE3MWY1OTkxYWE3ZGNmNTc0ODM1MWU1ZjFhYzRmNTQ1OTY4NmM0ZTQ3NmY4NWRlYjU2OTI0NGYzNTk4NiJ9fX0="}]}}}}
minecraft:emerald	minecraft:gold_ore	Gold Ore	{id:"minecraft:player_head",Count:8,tag:{display:{Name:"{\"text\":\"§r§eGold Ore\"}"},SkullOwner:{Id:[I;-883975637,1187070212,-1882511885,2004066260],Properties:{textures:[{Value:"eyJ0ZXh0dXJlcyI6eyJTS0lOIjp7InVybCI6Imh0dHA6Ly90ZXh0dXJlcy5taW5lY3JhZnQubmV0L3RleHR1cmUvZGIwNGI5NGZkNDkxY2NjNDJjNzYyNmVlNWQ4NjdhNmExMTI2ZTkxODUzZjk0OTJhMTQ5YTYxZWI5ZGQ4MmU1OCJ9fX0="}]}}}}
minecraft:emerald	minecraft:lapis_ore	Lapis Lazuli Ore	{id:"minecraft:player_head",Count:8,tag:{display:{Name:"{\"text\":\"§r§eLapis Lazuli Ore\"}"},SkullOwner:{Id:[I;-344161546,1322339671,-1599153759,1741640569],Properties:{textures:[{Value:"eyJ0ZXh0dXJlcyI6eyJTS0lOIjp7InVybCI6Imh0dHA6Ly90ZXh0dXJlcy5taW5lY3JhZnQubmV0L3RleHR1cmUvMmNkOTYyZTU5MDhlYWExYTIyYmNhNjY4Nzk4ZjlhZWQzM2IzN2I0OGUxNmEyZmM1OWViNGRhMGFiNDU3Y2RiZSJ9fX0="}]}}}}
minecraft:emerald	minecraft:diamond_ore	Diamond Ore	{id:"minecraft:player_head",Count:8,tag:{display:{Name:"{\"text\":\"§r§eDiamond Ore\"}"},SkullOwner:{Id:[I;-1597715313,-1500688740,-1614410256,1471153599],Properties:{textures:[{Value:"eyJ0ZXh0dXJlcyI6eyJTS0lOIjp7InVybCI6Imh0dHA6Ly90ZXh0dXJlcy5taW5lY3JhZnQubmV0L3RleHR1cmUvYTk3N2JmNWMxZjFkZjQwYTk5YWU0NzhkMDRlOGMxZWE4NmI4ODFkZTBmZWZhZWZkN2JhNmQ1OTdjODcxZWM0NCJ9fX0="}]}}}}
minecraft:emerald	minecraft:redstone_ore	Redstone Ore	{id:"minecraft:player_head",Count:8,tag:{display:{Name:"{\"text\":\"§r§eRedstone Ore\"}"},SkullOwner:{Id:[I;-1444621146,1445022018,-1523584749,848692339],Properties:{textures:[{Value:"eyJ0ZXh0dXJlcyI6eyJTS0lOIjp7InVybCI6Imh0dHA6Ly90ZXh0dXJlcy5taW5lY3JhZnQubmV0L3RleHR1cmUvNjgxMzM5MTc1ODljZjEwYzdmYzQ2ZWYzMzEyMDk2NjliZDdhYTUyNDQ4MDUxOTMyMzkyNDNiZDVhNTQ4ZmNjIn19fQ=="}]}}}}
minecraft:emerald	minecraft:emerald_ore	Emerald Ore	{id:"minecraft:player_head",Count:8,tag:{display:{Name:"{\"text\":\"§r§eEmerald Ore\"}"},SkullOwner:{Id:[I;-199624524,1440039962,-1733385193,1476453229],Properties:{textures:[{Value:"eyJ0ZXh0dXJlcyI6eyJTS0lOIjp7InVybCI6Imh0dHA6Ly90ZXh0dXJlcy5taW5lY3JhZnQubmV0L3RleHR1cmUvNmU2MGY4OWMxNjVhMTllZjkxNDYwOWUyNDM0MzI0OTIxMmU1MWY2YmRlOTIxNGY2OWViMmUxMDRkMGY5NmVkYiJ9fX0="}]}}}}
minecraft:emerald	minecraft:nether_quartz_ore	Nether Quartz Ore	{id:"minecraft:player_head",Count:8,tag:{display:{Name:"{\"text\":\"§r§eNether Quartz Ore\"}"},SkullOwner:{Id:[I;1022849875,-1187626180,-1565408806,-813390412],Properties:{textures:[{Value:"eyJ0ZXh0dXJlcyI6eyJTS0lOIjp7InVybCI6Imh0dHA6Ly90ZXh0dXJlcy5taW5lY3JhZnQubmV0L3RleHR1cmUvZGVhYzNhZmJhNjdhNWJhMTZhOTgzMTM3NDJhODJiMmJkODRkOTFhYzMyYTAyZWE4N2YxNWIxNDZjNzkwZTQ4YiJ9fX0="}]}}}}
minecraft:emerald	minecraft:lapis_block	Lapis Lazuli Block	{id:"minecraft:player_head",Count:8,tag:{display:{Name:"{\"text\":\"§r§eLapis Lazuli Block\"}"},SkullOwner:{Id:[I;260823901,-1366406351,-1213099581,-707900047],Properties:{textures:[{Value:"eyJ0ZXh0dXJlcyI6eyJTS0lOIjp7InVybCI6Imh0dHA6Ly90ZXh0dXJlcy5taW5lY3JhZnQubmV0L3RleHR1cmUvODBmOTcyYWU1ZDc4ZjVlMzA1ZGZiZWQ1NmM2NWI0YTNmYmFkZTZiM2E3NzkwYzdlYTUwZjI0NDM2MjZhYWI3OCJ9fX0="}]}}}}
minecraft:emerald	minecraft:gold_block	Gold Block	{id:"minecraft:player_head",Count:8,tag:{display:{Name:"{\"text\":\"§r§eGold Block\"}"},SkullOwner:{Id:[I;-34962163,-1366602224,-1962710909,1229644390],Properties:{textures:[{Value:"eyJ0ZXh0dXJlcyI6eyJTS0lOIjp7InVybCI6Imh0dHA6Ly90ZXh0dXJlcy5taW5lY3JhZnQubmV0L3RleHR1cmUvZmRjZjVmNzhiZjFkOWFkZTEyNmIyYzdmNmI0OTgwZGNmZTg5YjRlNjVjZDUzMmZjNjVhZDhiNzU3MjUzMGM1YiJ9fX0="}]}}}}
minecraft:emerald	minecraft:iron_block	Iron Block	{id:"minecraft:player_head",Count:8,tag:{display:{Name:"{\"text\":\"§r§eIron Block\"}"},SkullOwner:{Id:[I;-1079903826,-499825205,-1269408036,-931393201],Properties:{textures:[{Value:"eyJ0ZXh0dXJlcyI6eyJTS0lOIjp7InVybCI6Imh0dHA6Ly90ZXh0dXJlcy5taW5lY3JhZnQubmV0L3RleHR1cmUvZmFhYjdkNjA4YmZkZGFjNWQ4ZTJjYWYzNzA0OWY2MmY4NDNmZmE5ZjA3NmMyNTJjMWRjMGE0NGVlNDZkMzIwNiJ9fX0="}]}}}}
minecraft:emerald	minecraft:diamond_block	Diamond Block	{id:"minecraft:player_head",Count:8,tag:{display:{Name:"{\"text\":\"§r§eDiamond Block\"}"},SkullOwner:{Id:[I;1026891468,601702558,-2134294593,201158332],Properties:{textures:[{Value:"eyJ0ZXh0dXJlcyI6eyJTS0lOIjp7InVybCI6Imh0dHA6Ly90ZXh0dXJlcy5taW5lY3JhZnQubmV0L3RleHR1cmUvN2IxNWRiNDkzMzI1ZGNjZTI5MDhiZTkzMjMxNjY0MTA1YWRjYmZhOGNjMDM5NTc5NjYzMzgxNWVhMTU2ZmVmYSJ9fX0="}]}}}}
minecraft:emerald	minecraft:emerald_block	Emerald Block	{id:"minecraft:player_head",Count:8,tag:{display:{Name:"{\"text\":\"§r§eEmerald Block\"}"},SkullOwner:{Id:[I;2081467957,-1135262116,-1594052031,1586498681],Properties:{textures:[{Value:"eyJ0ZXh0dXJlcyI6eyJTS0lOIjp7InVybCI6Imh0dHA6Ly90ZXh0dXJlcy5taW5lY3JhZnQubmV0L3RleHR1cmUvYWFiOGZhNzY1NTU1MTVlMmRjYmUzODMzNmM2OTE4NDFhOWMyM2Q5OWM4OGY2NWQ5NmY0NDQ3Nzc1YmNjMTZlYiJ9fX0="}]}}}}
minecraft:emerald	minecraft:coal_block	Coal Block	{id:"minecraft:player_head",Count:8,tag:{display:{Name:"{\"text\":\"§r§eCoal Block\"}"},SkullOwner:{Id:[I;2023088630,842746775,-1190452199,1395201920],Properties:{textures:[{Value:"eyJ0ZXh0dXJlcyI6eyJTS0lOIjp7InVybCI6Imh0dHA6Ly90ZXh0dXJlcy5taW5lY3JhZnQubmV0L3RleHR1cmUvNzY4MjQ4NGNlNmMwYTgxMjE1MDMxZjk2YTcxNDliZWRlOThjOWQyMTVkMTZlYzhkZjAxZGFkZmYzZDA5NWRiNSJ9fX0="}]}}}}
minecraft:emerald	minecraft:redstone_block	Redstone Block	{id:"minecraft:player_head",Count:8,tag:{display:{Name:"{\"text\":\"§r§eRedstone Block\"}"},SkullOwner:{Id:[I;1374970014,1182419304,-2024043071,1253116310],Properties:{textures:[{Value:"eyJ0ZXh0dXJlcyI6eyJTS0lOIjp7InVybCI6Imh0dHA6Ly90ZXh0dXJlcy5taW5lY3JhZnQubmV0L3RleHR1cmUvZTRiMjUwYzMwNDZmZGNhYWJlYjJmYzI4MjU2YTBmMjEzYTljYzYwNDhkN2ZjNzQwMDU4ZGYzMzgzMmJjZjE2YSJ9fX0="}]}}}}
minecraft:emerald	minecraft:dispenser	Dispenser	{id:"minecraft:player_head",Count:8,tag:{display:{Name:"{\"text\":\"§r§eDispenser\"}"},SkullOwner:{Id:[I;-462976895,189679190,-1929297268,-1372318854],Properties:{textures:[{Value:"eyJ0ZXh0dXJlcyI6eyJTS0lOIjp7InVybCI6Imh0dHA6Ly90ZXh0dXJlcy5taW5lY3JhZnQubmV0L3RleHR1cmUvNDkzMzBkZGU0Zjk0MjRiNTBmMzZkNjJjODQzZWZlYWNiY2NmNWRhM2I5Y2UwNGFiZjE0ZTE3NWE5YzRmZGZmYSJ9fX0="}]}}}}
minecraft:emerald	minecraft:dropper	Dropper	{id:"minecraft:player_head",Count:8,tag:{display:{Name:"{\"text\":\"§r§eDropper\"}"},SkullOwner:{Id:[I;-1535191579,-384679463,-1801679122,-115781432],Properties:{textures:[{Value:"eyJ0ZXh0dXJlcyI6eyJTS0lOIjp7InVybCI6Imh0dHA6Ly90ZXh0dXJlcy5taW5lY3JhZnQubmV0L3RleHR1cmUvZjNmM2UwM2YwNGU2ZmRmYzAwZDkxZWM4OTQyMmU5NDgzY2FhNjdmYzAyMGZjYWNjOTEwMzQyZGJlOWNjODBiYiJ9fX0="}]}}}}
minecraft:emerald	minecraft:observer	Observer	{id:"minecraft:player_head",Count:8,tag:{display:{Name:"{\"text\":\"§r§eObserver\"}"},SkullOwner:{Id:[I;-1452211219,804933517,-1275647733,-410251109],Properties:{textures:[{Value:"eyJ0ZXh0dXJlcyI6eyJTS0lOIjp7InVybCI6Imh0dHA6Ly90ZXh0dXJlcy5taW5lY3JhZnQubmV0L3RleHR1cmUvYmE5YzkzYTJhMzY0NDU2OTA4NDEwN2I3YjRkODAyNjE0NDk4ODRkOWZiYzM0YWRiZDg4YzYzNDIwNDUyMDJiMyJ9fX0="}]}}}}
minecraft:emerald	minecraft:redstone_lamp	Redstone Lamp	{id:"minecraft:player_head",Count:8,tag:{display:{Name:"{\"text\":\"§r§eUnlit Redstone Lamp\"}"},SkullOwner:{Id:[I;-1606037138,-608417237,-1705988446,-1395930768],Properties:{textures:[{Value:"eyJ0ZXh0dXJlcyI6eyJTS0lOIjp7InVybCI6Imh0dHA6Ly90ZXh0dXJlcy5taW5lY3JhZnQubmV0L3RleHR1cmUvZTAwZTg1ODU1YTY1OTVkODg5ZWYyNDYzOTZlMWQwNmIyYjg0MzFlMTAyZDcxYmViY2I1YzU5NTIzNzFiNzdiMyJ9fX0="}]}}}}
minecraft:emerald	minecraft:sticky_piston	Sticky Piston	{id:"minecraft:player_head",Count:8,tag:{display:{Name:"{\"text\":\"§r§eSticky Piston\"}"},SkullOwner:{Id:[I;224049703,-1327742785,-2081567788,1222894220],Properties:{textures:[{Value:"eyJ0ZXh0dXJlcyI6eyJTS0lOIjp7InVybCI6Imh0dHA6Ly90ZXh0dXJlcy5taW5lY3JhZnQubmV0L3RleHR1cmUvNWE2ZmVlNWI2MWVmYzYzYjliNDRmYzMyMjA2N2ZiNjIwZGQ1ZWE5YTdmYjJmODVhMGFhZGVjODAzOGJjMTM3NCJ9fX0="}]}}}}
minecraft:emerald	minecraft:piston	Piston	{id:"minecraft:player_head",Count:8,tag:{display:{Name:"{\"text\":\"§r§ePiston\"}"},SkullOwner:{Id:[I;1908591653,1205552885,-1646499490,-677673197],Properties:{textures:[{Value:"eyJ0ZXh0dXJlcyI6eyJTS0lOIjp7InVybCI6Imh0dHA6Ly90ZXh0dXJlcy5taW5lY3JhZnQubmV0L3RleHR1cmUvYjY2OTFkZTlmNTZiMzllNjhlODdmZGFhMTI4YzdjZTcxM2ZkMDA2NGM1Nzg2ODdiNjc5ZWU2YTg0Mzc1MDJlZiJ9fX0="}]}}}}
minecraft:emerald	minecraft:tnt	TNT	{id:"minecraft:player_head",Count:8,tag:{display:{Name:"{\"text\":\"§r§eTNT\"}"},SkullOwner:{Id:[I;-1455579768,424299028,-1220839138,1803464560],Properties:{textures:[{Value:"eyJ0ZXh0dXJlcyI6eyJTS0lOIjp7InVybCI6Imh0dHA6Ly90ZXh0dXJlcy5taW5lY3JhZnQubmV0L3RleHR1cmUvZjA4OWY3OWUxZjc0ZTM3MGRjM2U2MWJhYWIyNmVlNzkzNWEyYTM4MTM4MGE0ZjJlOWRlMGY1YjBhNTI2ZTBhOCJ9fX0="}]}}}}
minecraft:emerald	minecraft:stone	Stone	{id:"minecraft:player_head",Count:8,tag:{display:{Name:"{\"text\":\"§r§eStone\"}"},SkullOwner:{Id:[I;1574779933,-1714798066,-1987665384,2114116260],Properties:{textures:[{Value:"eyJ0ZXh0dXJlcyI6eyJTS0lOIjp7InVybCI6Imh0dHA6Ly90ZXh0dXJlcy5taW5lY3JhZnQubmV0L3RleHR1cmUvY2MwOTMwYTFiZWMyNDg3ZjZhNmNiOTY0ZDczMTNmYjBhYmQwNDU5OWQ3NmZmNjUxOGQ5NzdlODNkNDYxMzg0OCJ9fX0="}]}}}}
minecraft:emerald	minecraft:polished_granite	Polished Granite	{id:"minecraft:player_head",Count:8,tag:{display:{Name:"{\"text\":\"§r§ePolished Granite\"}"},SkullOwner:{Id:[I;904243914,-1714142776,-1979112023,-210868464],Properties:{textures:[{Value:"eyJ0ZXh0dXJlcyI6eyJTS0lOIjp7InVybCI6Imh0dHA6Ly90ZXh0dXJlcy5taW5lY3JhZnQubmV0L3RleHR1cmUvNDY4MTUxZjIxMzc2MGVlYWMwNWZiODYzZmU5ODVjMmMzNzM4OGM5MDVjODMxZDgwNWJjODA1ODkwY2Y4ZTllMyJ9fX0="}]}}}}
minecraft:emerald	minecraft:polished_diorite	Polished Diorite	{id:"minecraft:player_head",Count:8,tag:{display:{Name:"{\"text\":\"§r§ePolished Diorite\"}"},SkullOwner:{Id:[I;-649014898,-1548334898,-1746599682,-227022177],Properties:{textures:[{Value:"eyJ0ZXh0dXJlcyI6eyJTS0lOIjp7InVybCI6Imh0dHA6Ly90ZXh0dXJlcy5taW5lY3JhZnQubmV0L3RleHR1cmUvNWYyZWNhOTgyNzg2NmJhMTA1NWY1NjYzYmYyMDU0NzMxMDdjNzkwYjcyNGVkYTIxZjVkMTc0ODVmMGZjZWVlYiJ9fX0="}]}}}}
minecraft:emerald	minecraft:polished_andesite	Polished Andesite	{id:"minecraft:player_head",Count:8,tag:{display:{Name:"{\"text\":\"§r§ePolished Andesite\"}"},SkullOwner:{Id:[I;-1682237925,-1267776126,-1935222986,1617805337],Properties:{textures:[{Value:"eyJ0ZXh0dXJlcyI6eyJTS0lOIjp7InVybCI6Imh0dHA6Ly90ZXh0dXJlcy5taW5lY3JhZnQubmV0L3RleHR1cmUvNGM3MzVlMjg5MzE5MWRlYzBmN2UxYzkwNDE3YmY4ZmRmODg5N2U4M2FkMDMzYmFiNGQzNDUzNWI3NTA2NzM2ZiJ9fX0="}]}}}}
minecraft:emerald	minecraft:granite	Granite	{id:"minecraft:player_head",Count:8,tag:{display:{Name:"{\"text\":\"§r§eGranite\"}"},SkullOwner:{Id:[I;-496161940,-957529972,-1147619051,-1844633414],Properties:{textures:[{Value:"eyJ0ZXh0dXJlcyI6eyJTS0lOIjp7InVybCI6Imh0dHA6Ly90ZXh0dXJlcy5taW5lY3JhZnQubmV0L3RleHR1cmUvOGQ4MzhiMmQwNDg0NzAwMTU1MmU0YmYyZTUzNzMzZWNlNzBmNTU1YzZmNGM2NmYxNzRjYzMxMWYzMDkxYzMyOSJ9fX0="}]}}}}
minecraft:emerald	minecraft:diorite	Diorite	{id:"minecraft:player_head",Count:8,tag:{display:{Name:"{\"text\":\"§r§eDiorite\"}"},SkullOwner:{Id:[I;-1248682033,-917159854,-1791654945,1580895416],Properties:{textures:[{Value:"eyJ0ZXh0dXJlcyI6eyJTS0lOIjp7InVybCI6Imh0dHA6Ly90ZXh0dXJlcy5taW5lY3JhZnQubmV0L3RleHR1cmUvNTVjMWVmMmQ0NDY1NzE1MDZiNTlmOTI5MTAzZDE5NTZmYzMxNTJmZDlkNDAwMjAyNmJjZTViMDI4YzkxN2ZlZiJ9fX0="}]}}}}
minecraft:emerald	minecraft:andesite	Andesite	{id:"minecraft:player_head",Count:8,tag:{display:{Name:"{\"text\":\"§r§eAndesite\"}"},SkullOwner:{Id:[I;-1578330764,1321946335,-1560972079,325468090],Properties:{textures:[{Value:"eyJ0ZXh0dXJlcyI6eyJTS0lOIjp7InVybCI6Imh0dHA6Ly90ZXh0dXJlcy5taW5lY3JhZnQubmV0L3RleHR1cmUvYmM1ZTE2Yzc2MWUwYWFhMmRkNTI4OWU0M2Y1MmNjNDcxNTY3Y2Q4ZjhjOGE0NzVhNGIyOTBhZWU4Y2ZhNDUzOCJ9fX0="}]}}}}
minecraft:emerald	minecraft:cobblestone	Cobblestone	{id:"minecraft:player_head",Count:8,tag:{display:{Name:"{\"text\":\"§r§eCobblestone\"}"},SkullOwner:{Id:[I;686627684,-1988148325,-2098939964,-950127968],Properties:{textures:[{Value:"eyJ0ZXh0dXJlcyI6eyJTS0lOIjp7InVybCI6Imh0dHA6Ly90ZXh0dXJlcy5taW5lY3JhZnQubmV0L3RleHR1cmUvMzNkNTFmNGQwNjA5OGJiMWY0Y2VmZjYxOWM2ZGRjYTk3NmZjNzBlOWY4ODcxZWJlZTRlZWY2NTgwY2Y3NmIwZiJ9fX0="}]}}}}
minecraft:emerald	minecraft:mossy_cobblestone	Mossy Cobblestone	{id:"minecraft:player_head",Count:8,tag:{display:{Name:"{\"text\":\"§r§eMossy Cobblestone\"}"},SkullOwner:{Id:[I;841520998,-1574943514,-1871310205,-1497025240],Properties:{textures:[{Value:"eyJ0ZXh0dXJlcyI6eyJTS0lOIjp7InVybCI6Imh0dHA6Ly90ZXh0dXJlcy5taW5lY3JhZnQubmV0L3RleHR1cmUvZTFiNzcyOTFlMTU3MWZkMjdkZWNhMWM3NzJlZjRmOTE3ZjU5YTlkNTllZjcwMjYxOTBmMTY2NzM1MDdmMmVlNyJ9fX0="}]}}}}
minecraft:emerald	minecraft:stone_bricks	Stone Bricks	{id:"minecraft:player_head",Count:8,tag:{display:{Name:"{\"text\":\"§r§eStone Bricks\"}"},SkullOwner:{Id:[I;1404564353,357580841,-1580711393,-335319464],Properties:{textures:[{Value:"eyJ0ZXh0dXJlcyI6eyJTS0lOIjp7InVybCI6Imh0dHA6Ly90ZXh0dXJlcy5taW5lY3JhZnQubmV0L3RleHR1cmUvZjlhMzEyNjIzZTFhOGFhNzVmZDczZmIyNWNhNjIwOTY0MmJjNWEyYzBlYTMwYjNiZTA2MmVjNGM4YzQzMjNmZSJ9fX0="}]}}}}
minecraft:emerald	minecraft:chiseled_stone_bricks	Chiseled Stone Bricks	{id:"minecraft:player_head",Count:8,tag:{display:{Name:"{\"text\":\"§r§eChiseled Stone Bricks\"}"},SkullOwner:{Id:[I;-1465667153,-306887514,-1202775846,-477711325],Properties:{textures:[{Value:"eyJ0ZXh0dXJlcyI6eyJTS0lOIjp7InVybCI6Imh0dHA6Ly90ZXh0dXJlcy5taW5lY3JhZnQubmV0L3RleHR1cmUvNTBlYzk0MDZhYzA4NWNkOTU3OGRlYWIzMGNkNzQ2NzA0NmVmYzQyZjU4MjEyZmI4Mjg0MzllZTg4NWYxYmUxMyJ9fX0="}]}}}}
minecraft:emerald	minecraft:smooth_stone	Smooth Stone	{id:"minecraft:player_head",Count:8,tag:{display:{Name:"{\"text\":\"§r§eSmooth Stone\"}"},SkullOwner:{Id:[I;1091803393,406080101,-2072744988,-495562466],Properties:{textures:[{Value:"eyJ0ZXh0dXJlcyI6eyJTS0lOIjp7InVybCI6Imh0dHA6Ly90ZXh0dXJlcy5taW5lY3JhZnQubmV0L3RleHR1cmUvYTU2MjQ2OTc1YmU4MTYxNmE1OWJjZTViNGU5MmJiNjE1ZDA3MjhjZmU0MWJlNmNmYjVmZmRjZGU1NzkyY2IwOCJ9fX0="}]}}}}
minecraft:emerald	minecraft:oak_planks	Oak Planks	{id:"minecraft:player_head",Count:8,tag:{display:{Name:"{\"text\":\"§r§eOak Planks\"}"},SkullOwner:{Id:[I;633395295,-232963161,-1467812704,563787538],Properties:{textures:[{Value:"eyJ0ZXh0dXJlcyI6eyJTS0lOIjp7InVybCI6Imh0dHA6Ly90ZXh0dXJlcy5taW5lY3JhZnQubmV0L3RleHR1cmUvNzgxOTJhMWFkZDRhMTExMjRhZDFlOWI2M2ZhN2Q5NzViNTUwMGJmZjEyNzQyNGU3NWJmMjliMjlmNmFmYjI2NSJ9fX0="}]}}}}
minecraft:emerald	minecraft:spruce_planks	Spruce Planks	{id:"minecraft:player_head",Count:8,tag:{display:{Name:"{\"text\":\"§r§eSpruce Planks\"}"},SkullOwner:{Id:[I;-603635550,-451850740,-1257033696,-1307669904],Properties:{textures:[{Value:"eyJ0ZXh0dXJlcyI6eyJTS0lOIjp7InVybCI6Imh0dHA6Ly90ZXh0dXJlcy5taW5lY3JhZnQubmV0L3RleHR1cmUvM2VhM2FhZjE5NDQ4MmEzOTc1YTE4ZDFlZWNlMjNjMGIzZWEwZjI1ODcwN2ZhZDc1YzVjYWE3NDUzMjA4OGRiIn19fQ=="}]}}}}
minecraft:emerald	minecraft:birch_planks	Birch Planks	{id:"minecraft:player_head",Count:8,tag:{display:{Name:"{\"text\":\"§r§eBirch Planks\"}"},SkullOwner:{Id:[I;1047289262,-427670359,-2029437413,1110480387],Properties:{textures:[{Value:"eyJ0ZXh0dXJlcyI6eyJTS0lOIjp7InVybCI6Imh0dHA6Ly90ZXh0dXJlcy5taW5lY3JhZnQubmV0L3RleHR1cmUvNmNjODg4NzczZTlkMTFjYzhhYjE0ZmM4OGUwY2ZmOTRjY2IxNmM4OWE1OGZlYzE4MWUyMmYwZmIxOTRiYjlmZCJ9fX0="}]}}}}
minecraft:emerald	minecraft:jungle_planks	Jungle Planks	{id:"minecraft:player_head",Count:8,tag:{display:{Name:"{\"text\":\"§r§eJungle Planks\"}"},SkullOwner:{Id:[I;-1253899014,1510032467,-1727836853,1476834528],Properties:{textures:[{Value:"eyJ0ZXh0dXJlcyI6eyJTS0lOIjp7InVybCI6Imh0dHA6Ly90ZXh0dXJlcy5taW5lY3JhZnQubmV0L3RleHR1cmUvNjM3OTdmNWFhZTllZTkwNmViNTA2NmU3NDE2N2FjMGI2MGQ4NTc2ZjBkNGIyM2I0MTI0NDdmZDBmMjkwYmMwNyJ9fX0="}]}}}}
minecraft:emerald	minecraft:dark_oak_planks	Dark Oak Planks	{id:"minecraft:player_head",Count:8,tag:{display:{Name:"{\"text\":\"§r§eDark Oak Planks\"}"},SkullOwner:{Id:[I;1344145446,913263791,-1201211865,981810529],Properties:{textures:[{Value:"eyJ0ZXh0dXJlcyI6eyJTS0lOIjp7InVybCI6Imh0dHA6Ly90ZXh0dXJlcy5taW5lY3JhZnQubmV0L3RleHR1cmUvODljYTc5OGZlM2U0MDIzOTcxYjc4NmE2NGE3MmJkOThhMTVmZjc1YTdmODExN2I1NjAxMDNlMjM0ZGUwNTJhYyJ9fX0="}]}}}}
minecraft:emerald	minecraft:acacia_planks	Acacia Planks	{id:"minecraft:player_head",Count:8,tag:{display:{Name:"{\"text\":\"§r§eAcacia Planks\"}"},SkullOwner:{Id:[I;1574086905,-1377353096,-1634577286,-754804226],Properties:{textures:[{Value:"eyJ0ZXh0dXJlcyI6eyJTS0lOIjp7InVybCI6Imh0dHA6Ly90ZXh0dXJlcy5taW5lY3JhZnQubmV0L3RleHR1cmUvYzAxNjk2NmY0ZjNkYWU2NTI0ODYxZTZjYzU2MzE3NDk5MDcwMWJlYWUyNjI3NzEyNzE4YzUxMGYzMzNjNmM4MyJ9fX0="}]}}}}
minecraft:emerald	minecraft:oak_log	Oak Log	{id:"minecraft:player_head",Count:8,tag:{display:{Name:"{\"text\":\"§r§eOak Log\"}"},SkullOwner:{Id:[I;527921774,-2038740378,-2146099497,24460768],Properties:{textures:[{Value:"eyJ0ZXh0dXJlcyI6eyJTS0lOIjp7InVybCI6Imh0dHA6Ly90ZXh0dXJlcy5taW5lY3JhZnQubmV0L3RleHR1cmUvMWEzY2ExNzdkMjE2OTMxM2YxNjU5NjQzOWRjZDYwZWJiNDgxM2IzNzhiMTdmZmIxNzUzNTQzNzBkNTEwZmIwZCJ9fX0="}]}}}}
minecraft:emerald	minecraft:spruce_log	Spruce Log	{id:"minecraft:player_head",Count:8,tag:{display:{Name:"{\"text\":\"§r§eSpruce Log\"}"},SkullOwner:{Id:[I;-1573168717,2026260262,-1733639995,617920750],Properties:{textures:[{Value:"eyJ0ZXh0dXJlcyI6eyJTS0lOIjp7InVybCI6Imh0dHA6Ly90ZXh0dXJlcy5taW5lY3JhZnQubmV0L3RleHR1cmUvZTczMTM3YzQ3ZWUxODllOWZkZDgxZWRhNDhjMTEyNjk0MGEwZTVkNmQ5Y2E0YzU5ZGQzYjgwY2NkOTI3YWRmOSJ9fX0="}]}}}}
minecraft:emerald	minecraft:birch_log	Birch Log	{id:"minecraft:player_head",Count:8,tag:{display:{Name:"{\"text\":\"§r§eBirch Log\"}"},SkullOwner:{Id:[I;354545958,-1146139371,-1644253515,82404730],Properties:{textures:[{Value:"eyJ0ZXh0dXJlcyI6eyJTS0lOIjp7InVybCI6Imh0dHA6Ly90ZXh0dXJlcy5taW5lY3JhZnQubmV0L3RleHR1cmUvNmM0MDExOTliNzgzMzAwY2JkOWNiMWNlYWNmYTVlMjkzZmU3NTc1Nzc2MTg4Y2Q1YWE2Y2E4YmZmYjhlMmY1NyJ9fX0="}]}}}}
minecraft:emerald	minecraft:jungle_log	Jungle Log	{id:"minecraft:player_head",Count:8,tag:{display:{Name:"{\"text\":\"§r§eJungle Log\"}"},SkullOwner:{Id:[I;1321935382,-285260952,-1410435698,-1651367087],Properties:{textures:[{Value:"eyJ0ZXh0dXJlcyI6eyJTS0lOIjp7InVybCI6Imh0dHA6Ly90ZXh0dXJlcy5taW5lY3JhZnQubmV0L3RleHR1cmUvNjAwMjlhNTJmOTQ1YjNlYWFjNzJlOWQzZDk5N2MxYTBiNTBlZmY5NTQ0NDE2YWIyYzNjNGU0YmIzOTc3ZjViZiJ9fX0="}]}}}}
minecraft:emerald	minecraft:dark_oak_log	Dark Oak Log	{id:"minecraft:player_head",Count:8,tag:{display:{Name:"{\"text\":\"§r§eDark Oak Log\"}"},SkullOwner:{Id:[I;1376481580,1944407918,-1957933184,-750621374],Properties:{textures:[{Value:"eyJ0ZXh0dXJlcyI6eyJTS0lOIjp7InVybCI6Imh0dHA6Ly90ZXh0dXJlcy5taW5lY3JhZnQubmV0L3RleHR1cmUvOGIyZDUzNjA4NjM0OGZkZmMwODExZjljNmY2ZWMxYzBhN2Q2MDUwNzYxZjU5MjFiMmE3YTVkM2EwMDU5ZWMwMCJ9fX0="}]}}}}
minecraft:emerald	minecraft:acacia_log	Acacia Log	{id:"minecraft:player_head",Count:8,tag:{display:{Name:"{\"text\":\"§r§eAcacia Log\"}"},SkullOwner:{Id:[I;-1275193782,-1432663191,-1257815115,-1290777663],Properties:{textures:[{Value:"eyJ0ZXh0dXJlcyI6eyJTS0lOIjp7InVybCI6Imh0dHA6Ly90ZXh0dXJlcy5taW5lY3JhZnQubmV0L3RleHR1cmUvMjY3ZTljNzRhYjc3YzAwOTE1NGE5YzczNzg0NmI1MjUxMDliOGMzMTdhNzE2Y2FlZGVjOTI3MDJhZmQwZGU2NSJ9fX0="}]}}}}
minecraft:emerald	minecraft:crimson_nylium	Crimson Nylium	{id:"minecraft:player_head",Count:8,tag:{display:{Name:"{\"text\":\"§r§eCrimson Nylium\"}"},SkullOwner:{Id:[I;783581258,554386642,-1901179919,-321129262],Properties:{textures:[{Value:"eyJ0ZXh0dXJlcyI6eyJTS0lOIjp7InVybCI6Imh0dHA6Ly90ZXh0dXJlcy5taW5lY3JhZnQubmV0L3RleHR1cmUvMThmMGI4ODQ2YmIyMmMyZGU2ODQ5NDgzYWU1MThmYWZiYmU0NDZhNzM1YTNlODgwNmUwMmYxYTQ3ZmMxNGQ3MCJ9fX0="}]}}}}
minecraft:emerald	minecraft:warped_nylium	Warped Nylium	{id:"minecraft:player_head",Count:8,tag:{display:{Name:"{\"text\":\"§r§eWarped Nylium\"}"},SkullOwner:{Id:[I;-1460937009,-929543100,-1652589070,1066173610],Properties:{textures:[{Value:"eyJ0ZXh0dXJlcyI6eyJTS0lOIjp7InVybCI6Imh0dHA6Ly90ZXh0dXJlcy5taW5lY3JhZnQubmV0L3RleHR1cmUvYmUzZTFiZDJhMWJiMmRkNzczYmNmMTExMWMxNDZlMTAwNDMwNmFiOTk1ZDUxMDA5ZTY3ZDNhNWMyMTZmMjJlMSJ9fX0="}]}}}}
minecraft:emerald	minecraft:redstone_lamp	Lit Redstone Lamp	{id:"minecraft:player_head",Count:8,tag:{display:{Name:"{\"text\":\"§r§eLit Redstone Lamp\"}"},SkullOwner:{Id:[I;1558348986,1540769419,-1161350824,1975704957],Properties:{textures:[{Value:"eyJ0ZXh0dXJlcyI6eyJTS0lOIjp7InVybCI6Imh0dHA6Ly90ZXh0dXJlcy5taW5lY3JhZnQubmV0L3RleHR1cmUvZjcyZGM1ZDJjYzM0NTcxYWRhODA1ZjllZmFlOWY4YzVjZjA4MTU5ZjNhY2MwOGMwMDY1MjY5NDIxYjVjYjM4YyJ9fX0="}]}}}}
minecraft:emerald	minecraft:crimson_stem	Crimson Stem	{id:"minecraft:player_head",Count:8,tag:{display:{Name:"{\"text\":\"§r§eCrimson Stem\"}"},SkullOwner:{Id:[I;1127302846,-938654756,-1111015806,1940551069],Properties:{textures:[{Value:"eyJ0ZXh0dXJlcyI6eyJTS0lOIjp7InVybCI6Imh0dHA6Ly90ZXh0dXJlcy5taW5lY3JhZnQubmV0L3RleHR1cmUvNzRmOWE0ZDhhMDQ1NDRjYjIyOTdiZTE2MDM0MGFlZTlkMjE1MTk0NGY4OGE0NTQzZjdkYzhiZTlhN2IwN2Q1NiJ9fX0="}]}}}}
minecraft:emerald	minecraft:warped_stem	Warped Stem	{id:"minecraft:player_head",Count:8,tag:{display:{Name:"{\"text\":\"§r§eWarped Stem\"}"},SkullOwner:{Id:[I;1911048673,659376403,-1901631928,-514884225],Properties:{textures:[{Value:"eyJ0ZXh0dXJlcyI6eyJTS0lOIjp7InVybCI6Imh0dHA6Ly90ZXh0dXJlcy5taW5lY3JhZnQubmV0L3RleHR1cmUvYTIyODE3ZWU1MmI3NWRlODEwM2Y1YWYyN2E3NWJiY2ZmODdhNDUzZWNlNTkzNTBmYjQxOTZmYWFiZmI2YjJiYyJ9fX0="}]}}}}
minecraft:emerald	minecraft:crimson_planks	Crimson Planks	{id:"minecraft:player_head",Count:8,tag:{display:{Name:"{\"text\":\"§r§eCrimson Planks\"}"},SkullOwner:{Id:[I;-1492478445,-123515606,-2032715862,-562243294],Properties:{textures:[{Value:"eyJ0ZXh0dXJlcyI6eyJTS0lOIjp7InVybCI6Imh0dHA6Ly90ZXh0dXJlcy5taW5lY3JhZnQubmV0L3RleHR1cmUvZjlhYWIyZTE3NWE3ZTc3ZTM2NTVmNzY5MmQxYzY1MTczMTZiYTM3ODNiNWQ1ZmM1OWIzNDk1NGZmNmJhNjY1MyJ9fX0="}]}}}}
minecraft:emerald	minecraft:warped_planks	Warped Planks	{id:"minecraft:player_head",Count:8,tag:{display:{Name:"{\"text\":\"§r§eWarped Planks\"}"},SkullOwner:{Id:[I;-417400120,891571092,-1759934484,-98820299],Properties:{textures:[{Value:"eyJ0ZXh0dXJlcyI6eyJTS0lOIjp7InVybCI6Imh0dHA6Ly90ZXh0dXJlcy5taW5lY3JhZnQubmV0L3RleHR1cmUvOWQzYzNjZWJlMDZlMGRkZDljYzRhOTBlYzQ1Y2FjZGVjM2QxODU1ZGFmYzliODVhNTIzNDI3MGYwNmZmNzY0MyJ9fX0="}]}}}}
minecraft:emerald	minecraft:netherite_block	Netherite Block	{id:"minecraft:player_head",Count:8,tag:{display:{Name:"{\"text\":\"§r§eNetherite Block\"}"},SkullOwner:{Id:[I;-839974239,454510179,-1263788397,-1711815495],Properties:{textures:[{Value:"eyJ0ZXh0dXJlcyI6eyJTS0lOIjp7InVybCI6Imh0dHA6Ly90ZXh0dXJlcy5taW5lY3JhZnQubmV0L3RleHR1cmUvMzAxMWNkMmNmMWUzMmFlMTMxZDhlNTQyNDAzYmVhMDNjNDgyZmEzOTVhNzI3YTM3MDc2OTA0NzYyODQwMjkyZCJ9fX0="}]}}}}
minecraft:emerald	minecraft:ancient_debris	Ancient Debris	{id:"minecraft:player_head",Count:8,tag:{display:{Name:"{\"text\":\"§r§eAncient Debris\"}"},SkullOwner:{Id:[I;1828923106,-35176367,-1430859488,-477238697],Properties:{textures:[{Value:"eyJ0ZXh0dXJlcyI6eyJTS0lOIjp7InVybCI6Imh0dHA6Ly90ZXh0dXJlcy5taW5lY3JhZnQubmV0L3RleHR1cmUvOTcxMTRmNWQzOTAxODhkZjA0NzdjZGY5YWVjZjViYzgxNDE2Y2U1ZTVjNTljZmNhYzU4MWE0M2YzOTAyYzFlIn19fQ=="}]}}}}
minecraft:emerald	minecraft:nether_gold_ore	Nether Gold Ore	{id:"minecraft:player_head",Count:8,tag:{display:{Name:"{\"text\":\"§r§eNether Gold Ore\"}"},SkullOwner:{Id:[I;-1314961738,149635432,-2016521226,-1901209735],Properties:{textures:[{Value:"eyJ0ZXh0dXJlcyI6eyJTS0lOIjp7InVybCI6Imh0dHA6Ly90ZXh0dXJlcy5taW5lY3JhZnQubmV0L3RleHR1cmUvMjEzMjc5YTE5YjY1ODI5YWM3NDU5OGE3NjQ3OTgyNTQ5ZjdhMWUxMGIzNTRmMzk1ZTIzYjBlOGMzMGRmMjhlZSJ9fX0="}]}}}}
minecraft:emerald	minecraft:blackstone	Blackstone 	{id:"minecraft:player_head",Count:8,tag:{display:{Name:"{\"text\":\"§r§eBlackstone\"}"},SkullOwner:{Id:[I;929173698,-447526529,-1257092188,-1284545150],Properties:{textures:[{Value:"eyJ0ZXh0dXJlcyI6eyJTS0lOIjp7InVybCI6Imh0dHA6Ly90ZXh0dXJlcy5taW5lY3JhZnQubmV0L3RleHR1cmUvNTkwNzQ1NzVkMDcwMTRlOTI4OTcyMTBmNTI3OTViYThhYzRhNTVhYjU5ZWYzNDhlMTFlOGRhMDMwMTJkNjc0NyJ9fX0="}]}}}}
minecraft:emerald	minecraft:polished_blackstone	Polished Blackstone	{id:"minecraft:player_head",Count:8,tag:{display:{Name:"{\"text\":\"§r§ePolished Blackstone\"}"},SkullOwner:{Id:[I;2097386579,-1995551302,-1289727611,-1311392625],Properties:{textures:[{Value:"eyJ0ZXh0dXJlcyI6eyJTS0lOIjp7InVybCI6Imh0dHA6Ly90ZXh0dXJlcy5taW5lY3JhZnQubmV0L3RleHR1cmUvMWJiY2FhNDExN2UzNTA0NTI1OTNkMjA5MjcxMzM4NWMwYTQxM2NiNjJiYjljNDMyYTk3OWRiYTRlYjJkM2JjMiJ9fX0="}]}}}}
minecraft:emerald	minecraft:polished_blackstone_bricks	Polished Blackstone Bricks	{id:"minecraft:player_head",Count:8,tag:{display:{Name:"{\"text\":\"§r§ePolished Blackstone Bricks\"}"},SkullOwner:{Id:[I;1680798805,1200308658,-1632202330,-751602947],Properties:{textures:[{Value:"eyJ0ZXh0dXJlcyI6eyJTS0lOIjp7InVybCI6Imh0dHA6Ly90ZXh0dXJlcy5taW5lY3JhZnQubmV0L3RleHR1cmUvNzk3NzUwYTI4NGZmNDAzOGNiMDM1ZjFkNmRiMDQ5M2ZmNTM5YzhhOTNhZTNjZGE2MTg2ZGYwYmU2MTYyYzMwNCJ9fX0="}]}}}}
minecraft:emerald	minecraft:chiseled_polished_blackstone	Chiseled Polished Blackstone	{id:"minecraft:player_head",Count:8,tag:{display:{Name:"{\"text\":\"§r§eChiseled Polished Blackstone\"}"},SkullOwner:{Id:[I;-1704737358,711934722,-1620229147,1124664149],Properties:{textures:[{Value:"eyJ0ZXh0dXJlcyI6eyJTS0lOIjp7InVybCI6Imh0dHA6Ly90ZXh0dXJlcy5taW5lY3JhZnQubmV0L3RleHR1cmUvYmJlODJmMGZlZDY5NTc4ZDI1ZjE1M2ZmMTVhYTBmNGRkNTdhZDY5ZGI2ZGNkNzdhYThkZmFmZTA1NmI2ZGNiNiJ9fX0="}]}}}}
minecraft:emerald	minecraft:gilded_blackstone	Gilded Blackstone	{id:"minecraft:player_head",Count:8,tag:{display:{Name:"{\"text\":\"§r§eGilded Blackstone\"}"},SkullOwner:{Id:[I;1487701552,463227801,-1361914536,-1533635451],Properties:{textures:[{Value:"eyJ0ZXh0dXJlcyI6eyJTS0lOIjp7InVybCI6Imh0dHA6Ly90ZXh0dXJlcy5taW5lY3JhZnQubmV0L3RleHR1cmUvYmJiZWQyZmM2MzIxZWM0MTA4MzE2ZjE4NjJjYmYyY2Q4MWYzODlmMjU4N2IxZjUzNjAyNTEzYjdhN2NhNTRhIn19fQ=="}]}}}}
minecraft:emerald	minecraft:shroomlight	Shroomlight 	{id:"minecraft:player_head",Count:8,tag:{display:{Name:"{\"text\":\"§r§eShroomlight\"}"},SkullOwner:{Id:[I;990266101,1819165422,-1382422213,-2027211711],Properties:{textures:[{Value:"eyJ0ZXh0dXJlcyI6eyJTS0lOIjp7InVybCI6Imh0dHA6Ly90ZXh0dXJlcy5taW5lY3JhZnQubmV0L3RleHR1cmUvZTQ2OTk3ZmQ5M2I1ZWJlNzFmYWUwMWQzZjNmOTc2MGMyMjM4N2FmNjBkN2VkNWRiZDE1YmI2Y2U0MDRjODA5YyJ9fX0="}]}}}}
minecraft:emerald	minecraft:chiseled_nether_bricks	Chiseled Nether Bricks	{id:"minecraft:player_head",Count:8,tag:{display:{Name:"{\"text\":\"§r§eChiseled Nether Bricks\"}"},SkullOwner:{Id:[I;-1594207503,832783972,-1435503103,-1503391757],Properties:{textures:[{Value:"eyJ0ZXh0dXJlcyI6eyJTS0lOIjp7InVybCI6Imh0dHA6Ly90ZXh0dXJlcy5taW5lY3JhZnQubmV0L3RleHR1cmUvNTMxODBjYjA4MmQ5MTBjNjIwOGQ0M2FjNjE5ZmNiMGI2NTRhYjZmNzBmZDgxYzM1OTkxZmNhMjFhYWI5MDhjMSJ9fX0="}]}}}}
minecraft:emerald	minecraft:basalt	Basalt	{id:"minecraft:player_head",Count:8,tag:{display:{Name:"{\"text\":\"§r§eBasalt\"}"},SkullOwner:{Id:[I;-338715131,-1144831549,-1930381557,1093695362],Properties:{textures:[{Value:"eyJ0ZXh0dXJlcyI6eyJTS0lOIjp7InVybCI6Imh0dHA6Ly90ZXh0dXJlcy5taW5lY3JhZnQubmV0L3RleHR1cmUvNzEwNDliZmJhNGY3ZWE5MzA1MWNhMTA5NWExMjNlMjNmYWRiNGFiYjJiZDU3YmVmOGI1Mzc4YTY2OTZiOGM5NCJ9fX0="}]}}}}
minecraft:emerald	minecraft:polished_basalt	Polished Basalt	{id:"minecraft:player_head",Count:8,tag:{display:{Name:"{\"text\":\"§r§ePolished Basalt\"}"},SkullOwner:{Id:[I;-269639414,-1406973742,-1635041578,1204561597],Properties:{textures:[{Value:"eyJ0ZXh0dXJlcyI6eyJTS0lOIjp7InVybCI6Imh0dHA6Ly90ZXh0dXJlcy5taW5lY3JhZnQubmV0L3RleHR1cmUvZWVkNTYxMDVkMDY3OGFlNDBiNjZjNDQzMTE3ZTgwYTgxY2UyYzgyNTUzMzY2YWRjOGQ0NDc2ZmRjNWYxODFjOSJ9fX0="}]}}}}
minecraft:emerald	minecraft:warped_wart_block	Warped Wart Block	{id:"minecraft:player_head",Count:8,tag:{display:{Name:"{\"text\":\"§r§eWarped Wart Block\"}"},SkullOwner:{Id:[I;1267824917,-1686681844,-1252698608,106503405],Properties:{textures:[{Value:"eyJ0ZXh0dXJlcyI6eyJTS0lOIjp7InVybCI6Imh0dHA6Ly90ZXh0dXJlcy5taW5lY3JhZnQubmV0L3RleHR1cmUvM2U3ZTFlMGFkMWZmOGJlM2MxN2Q2MWUxNmQ5NGI2YjJiY2U3ODAyMmQ4OGRlMmFhNmM2NjliYmE1ZjVlYzA0NyJ9fX0="}]}}}}
minecraft:emerald	minecraft:crying_obsidian	Crying Obsidian	{id:"minecraft:player_head",Count:8,tag:{display:{Name:"{\"text\":\"§r§eCrying Obsidian\"}"},SkullOwner:{Id:[I;-330114722,-861125797,-1368260044,111630005],Properties:{textures:[{Value:"eyJ0ZXh0dXJlcyI6eyJTS0lOIjp7InVybCI6Imh0dHA6Ly90ZXh0dXJlcy5taW5lY3JhZnQubmV0L3RleHR1cmUvYmRmODJiZGM4YTRmN2QwMjZiMGM0ZjE3ZDA2YjhiZjVkYzUyNmEyNTQzODk4NjYyOTFlN2I2YjQ0ZjkwYjBlIn19fQ=="}]}}}}
minecraft:emerald	minecraft:target	Target	{id:"minecraft:player_head",Count:8,tag:{display:{Name:"{\"text\":\"§r§eTarget\"}"},SkullOwner:{Id:[I;-235626554,440682923,-1134757740,-1901260712],Properties:{textures:[{Value:"eyJ0ZXh0dXJlcyI6eyJTS0lOIjp7InVybCI6Imh0dHA6Ly90ZXh0dXJlcy5taW5lY3JhZnQubmV0L3RleHR1cmUvZDIwZTE3ZWJjYjFiMTgzNzg2ZGRlMjUwNDViODMyYjIzOGY3NWEzNzRhYWNlMGM1YTRmNjllOTQyNWVkODllNyJ9fX0="}]}}}}
minecraft:emerald	minecraft:slime_block	Slime Block	{id:"minecraft:player_head",Count:8,tag:{display:{Name:"{\"text\":\"§r§eSlime Block\"}"},SkullOwner:{Id:[I;1895816458,1985822816,-1694618259,-887455586],Properties:{textures:[{Value:"eyJ0ZXh0dXJlcyI6eyJTS0lOIjp7InVybCI6Imh0dHA6Ly90ZXh0dXJlcy5taW5lY3JhZnQubmV0L3RleHR1cmUvNjNiZmM0ZjAxYTgyMDYwZTgwODdhMzE0YTlmY2I1ZmZjMWVhYzlhYzFkMzA0ZGEzYzhiMGQ2NmFkNzE1YzViMCJ9fX0="}]}}}}
minecraft:emerald	minecraft:honey_block	Honey Block	{id:"minecraft:player_head",Count:8,tag:{display:{Name:"{\"text\":\"§r§eHoney Block\"}"},SkullOwner:{Id:[I;1209827049,1071926978,-2038095164,-140360322],Properties:{textures:[{Value:"eyJ0ZXh0dXJlcyI6eyJTS0lOIjp7InVybCI6Imh0dHA6Ly90ZXh0dXJlcy5taW5lY3JhZnQubmV0L3RleHR1cmUvNThkYTg2NWFhODNiNjAwNDM4MGMxZWRhOGNjZTNkZDEyZWRhMzZkNzFmZDhkNWZlYzliMThmMDE1OWRkY2M3NiJ9fX0="}]}}}}
minecraft:emerald	minecraft:sponge	Sponge	{id:"minecraft:player_head",Count:8,tag:{display:{Name:"{\"text\":\"§r§eSponge\"}"},SkullOwner:{Id:[I;605322201,-1388622045,-2052832867,-740493652],Properties:{textures:[{Value:"eyJ0ZXh0dXJlcyI6eyJTS0lOIjp7InVybCI6Imh0dHA6Ly90ZXh0dXJlcy5taW5lY3JhZnQubmV0L3RleHR1cmUvZWNkMWNmMWZiNTVkNTA1NTgzMjQ1NWFkZThmYTdiMGE2OGY0NDUzNDIzOTlhMjdkZjE1MTllNjZmMmE3NGFiMCJ9fX0="}]}}}}
minecraft:emerald	minecraft:white_wool	Wool 	{id:"minecraft:player_head",Count:8,tag:{display:{Name:"{\"text\":\"§r§eWool\"}"},SkullOwner:{Id:[I;-1222094178,58347171,-1219228730,1041679823],Properties:{textures:[{Value:"eyJ0ZXh0dXJlcyI6eyJTS0lOIjp7InVybCI6Imh0dHA6Ly90ZXh0dXJlcy5taW5lY3JhZnQubmV0L3RleHR1cmUvODMxYTg3MDE0OTNjMDQ2MjdiMWYwYzQ5OWY0YWE3MGUyMjg2NzI5ODJlMTRmMTM1Y2NmMmU4ZjYzZDEyYTYxYyJ9fX0="}]}}}}
minecraft:emerald	minecraft:end_stone	End Stone	{id:"minecraft:player_head",Count:8,tag:{display:{Name:"{\"text\":\"§r§eEnd Stone\"}"},SkullOwner:{Id:[I;-651505087,1581728795,-2137187715,257895799],Properties:{textures:[{Value:"eyJ0ZXh0dXJlcyI6eyJTS0lOIjp7InVybCI6Imh0dHA6Ly90ZXh0dXJlcy5taW5lY3JhZnQubmV0L3RleHR1cmUvZGI2YjZiMzJlOWZlOGY3Y2I3OTBkNDJlZGYzZGY2OWQ0NzFkYzZiOWI2MTZiMTU3MGVjOGJjMWJmZmExNDMyYyJ9fX0="}]}}}}
minecraft:emerald	minecraft:red_sandstone	Red Sandstone	{id:"minecraft:player_head",Count:8,tag:{display:{Name:"{\"text\":\"§r§eRed Sandstone\"}"},SkullOwner:{Id:[I;1286383694,600852862,-1348413924,1675355906],Properties:{textures:[{Value:"eyJ0ZXh0dXJlcyI6eyJTS0lOIjp7InVybCI6Imh0dHA6Ly90ZXh0dXJlcy5taW5lY3JhZnQubmV0L3RleHR1cmUvYmFmZTdiNjg4ZmU0NTU4YzI0M2VlOTVlMDdjMmVlYzYwNjA2MTI5NzFhMzk1NDJmY2Y3N2ZlMzJhMmZkZWE4YyJ9fX0="}]}}}}
minecraft:emerald	minecraft:bone_block	Bone Block	{id:"minecraft:player_head",Count:8,tag:{display:{Name:"{\"text\":\"§r§eBone Block\"}"},SkullOwner:{Id:[I;-1122836536,-1057340342,-1235835039,2100558393],Properties:{textures:[{Value:"eyJ0ZXh0dXJlcyI6eyJTS0lOIjp7InVybCI6Imh0dHA6Ly90ZXh0dXJlcy5taW5lY3JhZnQubmV0L3RleHR1cmUvY2Y0YjllZDFiMzRmYzQ3MzJmNjIyYmVkZWMwYzY0Y2UyZjJhNzkwZDdmNjNkNTkyZTU1N2RiNjAyZmY2OWIwYiJ9fX0="}]}}}}
minecraft:emerald	minecraft:barrel	Barrel 	{id:"minecraft:player_head",Count:8,tag:{display:{Name:"{\"text\":\"§r§eBarrel\"}"},SkullOwner:{Id:[I;-161904621,-1615377767,-1185062060,-204341771],Properties:{textures:[{Value:"eyJ0ZXh0dXJlcyI6eyJTS0lOIjp7InVybCI6Imh0dHA6Ly90ZXh0dXJlcy5taW5lY3JhZnQubmV0L3RleHR1cmUvZGVjZDIyYzRiYjYxM2JkN2Y2OWNiMDIzMWExMzBiYjEwMzViNmIwZDQ2ZDY3MmMwN2U4ZTJhMDM1ZmUwMmU3MCJ9fX0="}]}}}}
minecraft:emerald	minecraft:loom	Loom 	{id:"minecraft:player_head",Count:8,tag:{display:{Name:"{\"text\":\"§r§eLoom\"}"},SkullOwner:{Id:[I;58700073,-1232319439,-1641886708,797613382],Properties:{textures:[{Value:"eyJ0ZXh0dXJlcyI6eyJTS0lOIjp7InVybCI6Imh0dHA6Ly90ZXh0dXJlcy5taW5lY3JhZnQubmV0L3RleHR1cmUvZmZjMDE0NDhkNjQ3N2UxZjdhM2QyMDdmMjM1MGEwNjZkZmE5NTA5MGQzNDBkNDUxNTUzY2UwNWU3MDBiYjczMSJ9fX0="}]}}}}
minecraft:emerald	minecraft:smoker	Smoker 	{id:"minecraft:player_head",Count:8,tag:{display:{Name:"{\"text\":\"§r§eSmoker\"}"},SkullOwner:{Id:[I;-444339476,-437108568,-1651556996,-1261752888],Properties:{textures:[{Value:"eyJ0ZXh0dXJlcyI6eyJTS0lOIjp7InVybCI6Imh0dHA6Ly90ZXh0dXJlcy5taW5lY3JhZnQubmV0L3RleHR1cmUvZTgzMWNlODIyN2JiYzdiNzVjMzY4OTQ2NmNlYzRkYWY1ZGEyZDljNTNiYjgzZDExN2E5YmE4OTBkYWVhZjQwNiJ9fX0="}]}}}}
minecraft:emerald	minecraft:blast_furnace	Blast Furnace	{id:"minecraft:player_head",Count:8,tag:{display:{Name:"{\"text\":\"§r§eBlast Furnace\"}"},SkullOwner:{Id:[I;1218747547,-273529942,-1358505452,406591260],Properties:{textures:[{Value:"eyJ0ZXh0dXJlcyI6eyJTS0lOIjp7InVybCI6Imh0dHA6Ly90ZXh0dXJlcy5taW5lY3JhZnQubmV0L3RleHR1cmUvNjBmNGQzNjAxYjI0ZDZiMzcxYmI5N2EzZjQyNzc5ODQwYTEyOTQ4N2EzMDRkYWI2MjM0NjlkY2EwMjg3Y2FmNSJ9fX0="}]}}}}
minecraft:emerald	minecraft:fletching_table	Fletching Table	{id:"minecraft:player_head",Count:8,tag:{display:{Name:"{\"text\":\"§r§eFletching Table\"}"},SkullOwner:{Id:[I;-472207604,-1634971988,-2101071341,1145899159],Properties:{textures:[{Value:"eyJ0ZXh0dXJlcyI6eyJTS0lOIjp7InVybCI6Imh0dHA6Ly90ZXh0dXJlcy5taW5lY3JhZnQubmV0L3RleHR1cmUvYzVlNjBlMjU3Yjg4ZWMyYWE3MzJiMzczMmFjOTAxMDVhYjI1YzA3ZWIwYjI1MjdmMWY4YzMyYzNiYjc4YWYyOSJ9fX0="}]}}}}
minecraft:emerald	minecraft:cartography_table	Cartography Table	{id:"minecraft:player_head",Count:8,tag:{display:{Name:"{\"text\":\"§r§eCartography Table\"}"},SkullOwner:{Id:[I;-1869554511,799163782,-1777654859,934283716],Properties:{textures:[{Value:"eyJ0ZXh0dXJlcyI6eyJTS0lOIjp7InVybCI6Imh0dHA6Ly90ZXh0dXJlcy5taW5lY3JhZnQubmV0L3RleHR1cmUvOWNiOTdjNjgyMzZjNjM1MjM2MmYzZWI5MTk0YWI1NDJmMTg3MjBhMzRlOGQwOWRhYTE2OGEwNWVmNjUwMTMwZSJ9fX0="}]}}}}
minecraft:emerald	minecraft:smithing_table	Smithing Table	{id:"minecraft:player_head",Count:8,tag:{display:{Name:"{\"text\":\"§r§eSmithing Table\"}"},SkullOwner:{Id:[I;-1137141420,2137803584,-1341583096,1845166732],Properties:{textures:[{Value:"eyJ0ZXh0dXJlcyI6eyJTS0lOIjp7InVybCI6Imh0dHA6Ly90ZXh0dXJlcy5taW5lY3JhZnQubmV0L3RleHR1cmUvYWUyNzlmMDVkYjgzNjAyMTg1OTU5MGE1YjVmNDM0OWE2MGFkZjAyYmMxZDMwOWRhODQwZDllYmJlZjhmMGUyYiJ9fX0="}]}}}}
minecraft:emerald	minecraft:bee_nest	Bee Nest	{id:"minecraft:player_head",Count:8,tag:{display:{Name:"{\"text\":\"§r§eBee Nest\"}"},SkullOwner:{Id:[I;1531529133,982403127,-1306589372,694025795],Properties:{textures:[{Value:"eyJ0ZXh0dXJlcyI6eyJTS0lOIjp7InVybCI6Imh0dHA6Ly90ZXh0dXJlcy5taW5lY3JhZnQubmV0L3RleHR1cmUvZDZmMjAwMDZlZWI0NTcyZWZlMTljM2YxNjcyMjY5MGY3MzVkYTlmZWE0Y2ZjOTQxZWI0YzNlZDU3NDNmMTkwNiJ9fX0="}]}}}}
minecraft:emerald	minecraft:beehive	Beehive 	{id:"minecraft:player_head",Count:8,tag:{display:{Name:"{\"text\":\"§r§eBeehive\"}"},SkullOwner:{Id:[I;-2066918272,2058112865,-1340342647,1705082709],Properties:{textures:[{Value:"eyJ0ZXh0dXJlcyI6eyJTS0lOIjp7InVybCI6Imh0dHA6Ly90ZXh0dXJlcy5taW5lY3JhZnQubmV0L3RleHR1cmUvOGNlMGQzY2E1YzExMzY3MjRiNzg3ODdlMGE1NDc3NTNkYzhlOTk2OTY1MWU3YzZlZTNkZmU0MmI3OGZiMThjZiJ9fX0="}]}}}}
minecraft:emerald	minecraft:honeycomb_block	Honeycomb Block	{id:"minecraft:player_head",Count:8,tag:{display:{Name:"{\"text\":\"§r§eHoneycomb Block\"}"},SkullOwner:{Id:[I;110890694,1873562006,-1855817795,444444763],Properties:{textures:[{Value:"eyJ0ZXh0dXJlcyI6eyJTS0lOIjp7InVybCI6Imh0dHA6Ly90ZXh0dXJlcy5taW5lY3JhZnQubmV0L3RleHR1cmUvODNlZmNmMjMxNGFmZjdmZjVkNmRkOWFjNTRkNDI3N2RkNjA5ODcwNmY5NWYxZjM0ODBmNGVjMTYyZDg3MDU3ZCJ9fX0="}]}}}}
minecraft:emerald	minecraft:lodestone	Lodestone 	{id:"minecraft:player_head",Count:8,tag:{display:{Name:"{\"text\":\"§r§eLodestone\"}"},SkullOwner:{Id:[I;67630684,-835565903,-1763607245,-1534889542],Properties:{textures:[{Value:"eyJ0ZXh0dXJlcyI6eyJTS0lOIjp7InVybCI6Imh0dHA6Ly90ZXh0dXJlcy5taW5lY3JhZnQubmV0L3RleHR1cmUvYzEzOTUxZmQ4N2M2OGNmOGNhNDdkMThkYWVjYTVhZDNhZDgwNGIyNTE3NmYyYjRlZjQ4YmZjOTY4NmFiODA2NCJ9fX0="}]}}}}
minecraft:emerald	minecraft:respawn_anchor	Respawn Anchor	{id:"minecraft:player_head",Count:8,tag:{display:{Name:"{\"text\":\"§r§eRespawn Anchor\"}"},SkullOwner:{Id:[I;-994447670,-2071969113,-1549155275,1180359662],Properties:{textures:[{Value:"eyJ0ZXh0dXJlcyI6eyJTS0lOIjp7InVybCI6Imh0dHA6Ly90ZXh0dXJlcy5taW5lY3JhZnQubmV0L3RleHR1cmUvMWFjZDQ3MzQ5NjQyNjQxM2VlYmI2NTIzZGVlNGEyZmMxN2MxOTJhYTMwMWQyMzQwNjcyY2FiYTI0OWMzZTRmNCJ9fX0="}]}}}}